source,feature,category,useful_y_tasks,ambiguous_y_tasks,accel_useful,accel_ambiguous,n_useful_tasks,n_ambiguous_tasks,best_y_task,best_y_r2,best_y_corr,best_y_q,best_accel_r2,best_accel_auc,best_accel_q,max_n_obs,base_series,primary_transform,wrapper_stack,lag,transform_stack,base_series_total_features,base_series_interesting_features,base_series_ambiguous_features,base_series_non_interesting_features,base_series_all_non_interesting,base_series_any_interesting,recent_y_corr_60,recent_y_corr_120,recent_y_obs_60,recent_y_obs_120,recent_accel_auc_60,recent_accel_auc_120,recent_accel_obs_60,recent_accel_obs_120,recent_y_abs,accel_edge,recent_accel_edge,abs_best_y_corr,interesting_share,bundle_support,bundle_weak,y_full_rank,y_recent_rank,y_q_rank,accel_full_rank,accel_recent_rank,accel_q_rank,continuous_promise_score,acceleration_promise_score,primary_purpose,overall_promise_score,deep_dive_category,deep_dive_reason,final_category,final_reason,final_recent_y_weak,final_recent_accel_weak,final_recent_y_cutoff,final_recent_accel_cutoff,final_score_demote_cutoff
FRED_Employment_SA,total.private.services.trade_transportation_utilities.transportation_warehousing.water_rolling_std_6m_lag_12m,ambiguous,,sa_revised_y_mom,False,False,0,1,sa_first_y_mom,-0.0036558834028559,0.0180044338701096,0.949024527140622,-6.126084595159399e-08,0.5028344671201814,0.9995950768609968,419,total.private.services.trade_transportation_utilities.transportation_warehousing.water,raw,rolling_std_6m,lag_12m,rolling_std_6m -> lag_12m,135,8,15,112,False,True,-0.0496248958043901,-0.0120808468746763,60,120,0.5350389321468298,0.5164071190211346,60,120,0.0496248958043901,0.0028344671201814,0.0350389321468298,0.0180044338701096,0.0592592592592592,False,True,0.0721276310497385,0.1081155056794854,0.0500067033114358,0.033181391607454,0.206948433866776,0.0034186888322831,0.1102992016224894,0.0880473158431825,y_mom,0.1102992016224894,demote_unlikely,low_rank_and_weak_bundle,demote_unlikely,demote_low_score_weak_bundle_weak_recent_windows,True,True,0.10119584588784625,0.0483870967741936,0.5
FRED_Exogenous,Credit_Spreads_acceleration_chg_12m,ambiguous,,sa_first_y_mom,False,False,0,1,nsa_revised_y_mom,-0.0012002474074011,0.0273057292103767,0.7439143438468102,-0.0050459230378723,0.5142857142857143,0.9994749754048412,338,Credit_Spreads_acceleration,chg_12m,none,none,chg_12m,55,5,25,25,False,True,,,22,22,,,24,24,,0.0142857142857143,,0.0273057292103767,0.0909090909090909,False,True,0.1166376189837779,,0.154980560396836,0.1655047593511194,,0.1470706529025338,0.1134830406220673,0.1038912722885105,y_mom,0.1134830406220673,still_ambiguous,middle_band_or_conflicting_evidence,demote_unlikely,demote_low_score_weak_bundle_weak_recent_windows,True,True,0.10119584588784625,0.0483870967741936,0.5
FRED_Employment_SA,total.private.goods.mining_logging.logging_lag_1m,ambiguous,,sa_revised_y_mom,False,False,0,1,sa_first_y_mom,0.0002476763432246,0.0351801079185964,0.7481158838333647,-0.003736114337113,0.501978021978022,0.9994749754048412,673,total.private.goods.mining_logging.logging,raw,none,lag_1m,lag_1m,135,8,12,115,False,True,0.0305209976479394,0.0524996383835319,60,120,0.5228031145717463,0.528364849833148,60,120,0.0524996383835319,0.0019780219780219,0.028364849833148,0.0351801079185964,0.0592592592592592,False,True,0.1571256200563078,0.120090324346517,0.1525673682799303,0.0231934575680386,0.1419094515114211,0.1470706529025338,0.1732516162026055,0.0895194945151215,y_mom,0.1732516162026055,demote_unlikely,low_rank_and_weak_bundle,demote_unlikely,demote_low_score_weak_bundle_weak_recent_windows,True,True,0.10119584588784625,0.0483870967741936,0.5
FRED_Employment_SA,total.private.goods.mining_logging.logging_symlog_lag_1m,ambiguous,,sa_revised_y_mom,False,False,0,1,sa_first_y_mom,0.0005655353907825,0.0403417136156058,0.6884537520143211,-0.0039084000020519,0.501978021978022,0.9994749754048412,673,total.private.goods.mining_logging.logging,symlog,none,lag_1m,symlog -> lag_1m,135,8,12,115,False,True,0.0305209976479394,0.0524996383835319,60,120,0.5228031145717463,0.528364849833148,60,120,0.0524996383835319,0.0019780219780219,0.028364849833148,0.0403417136156058,0.0592592592592592,False,True,0.1848773294007239,0.120090324346517,0.1800509451669124,0.0231934575680386,0.1419094515114211,0.1470706529025338,0.1912366007849892,0.0895194945151215,y_mom,0.1912366007849892,demote_unlikely,low_rank_and_weak_bundle,demote_unlikely,demote_low_score_weak_bundle_weak_recent_windows,True,True,0.10119584588784625,0.0483870967741936,0.5
FRED_Employment_SA,total.private.services.trade_transportation_utilities.transportation_warehousing.pipeline_pct_chg_rolling_mean_3m_lag_12m,ambiguous,,sa_revised_y_mom,False,False,0,1,sa_first_y_mom,0.0013185731824164,0.0500101973306843,0.7182130749022237,-0.0036939812467633,0.5302631578947369,0.9994749754048412,391,total.private.services.trade_transportation_utilities.transportation_warehousing.pipeline,pct_chg,rolling_mean_3m,lag_12m,pct_chg -> rolling_mean_3m -> lag_12m,135,0,33,102,False,False,0.0723266508356939,0.0188107586302215,60,120,0.5200222469410456,0.4961013645224172,60,120,0.0723266508356939,0.0302631578947368,0.0200222469410455,0.0500101973306843,0.0,False,True,0.2339455691111409,0.209114547693992,0.1655717924654779,0.3420029494570317,0.0776911503214334,0.1470706529025338,0.2415799562860062,0.2105073604486727,y_mom,0.1915799562860062,demote_unlikely,low_rank_and_weak_bundle,demote_unlikely,demote_low_score_weak_bundle_weak_recent_windows,True,True,0.10119584588784625,0.0483870967741936,0.5
FRED_Employment_SA,total.private.services.trade_transportation_utilities.transportation_warehousing.water_symlog_rolling_std_6m_lag_12m,ambiguous,,sa_revised_y_mom,False,False,0,1,sa_first_y_mom,-0.0023535628643756,0.0256401884200827,0.9014837514936416,-0.0001635901447551,0.514172335600907,0.9994749754048412,419,total.private.services.trade_transportation_utilities.transportation_warehousing.water,symlog,rolling_std_6m,lag_12m,symlog -> rolling_std_6m -> lag_12m,135,8,15,112,False,True,-0.0444012225618227,-0.0146990905523705,60,120,0.5417130144605117,0.5315628476084537,60,120,0.0444012225618227,0.014172335600907,0.0417130144605116,0.0256401884200827,0.0592592592592592,False,True,0.1079233141171738,0.0855344190502258,0.0745408231666443,0.1636948652634401,0.2810149090411708,0.1470706529025338,0.1234107026536361,0.2014320381134646,acceleration,0.2014320381134646,demote_unlikely,low_rank_and_weak_bundle,demote_unlikely,demote_low_score_weak_bundle_weak_recent_windows,True,True,0.10119584588784625,0.0483870967741936,0.5
FRED_Exogenous,Credit_Spreads_acceleration_rolling_mean_3m,ambiguous,,"nsa_first_y_mom,sa_first_y_mom",False,False,0,2,nsa_revised_y_mom,0.0026243543322124,0.0355211807398152,0.6531091561774599,-0.0114262958563295,0.5342857142857143,0.9994749754048412,349,Credit_Spreads_acceleration,raw,rolling_mean_3m,none,rolling_mean_3m,55,5,25,25,False,True,,,33,33,,,35,35,,0.0342857142857142,,0.0355211807398152,0.0909090909090909,False,True,0.1588684810296286,,0.1968092237565357,0.3869821691915806,,0.1470706529025338,0.17085266121464,0.203556106716718,acceleration,0.203556106716718,still_ambiguous,middle_band_or_conflicting_evidence,demote_unlikely,demote_low_score_weak_bundle_weak_recent_windows,True,True,0.10119584588784625,0.0483870967741936,0.5
FRED_Employment_SA,total.private.services.trade_transportation_utilities.retail.gasoline_rolling_std_6m_lag_3m,ambiguous,,sa_revised_y_mom,False,False,0,1,sa_first_y_mom,-0.0051004276509074,0.0251173853010532,0.9037191094190128,1.2058230326461585e-05,0.5303030303030304,0.9994749754048412,428,total.private.services.trade_transportation_utilities.retail.gasoline,raw,rolling_std_6m,lag_3m,rolling_std_6m -> lag_3m,135,11,38,86,False,True,0.036398999722145,-0.0599732271688139,60,120,0.5205784204671857,0.5013904338153503,60,120,0.0599732271688139,0.0303030303030303,0.0205784204671857,0.0251173853010532,0.0814814814814814,False,True,0.1056441882289851,0.1531408238675242,0.0737364257943423,0.3434106448585601,0.0810422650800164,0.1470706529025338,0.1458864582155452,0.2123137135448645,acceleration,0.2123137135448645,demote_unlikely,low_rank_and_weak_bundle,demote_unlikely,demote_low_score_weak_bundle_weak_recent_windows,True,True,0.10119584588784625,0.0483870967741936,0.5
FRED_Employment_SA,total.private.services.trade_transportation_utilities.utilities_pct_chg_rolling_std_6m_lag_3m,ambiguous,,sa_revised_y_mom,False,False,0,1,sa_first_y_mom,0.0004898735492648,0.0379784511571431,0.7188433169193718,0.0001601535063417,0.5347252747252748,0.9994749754048412,673,total.private.services.trade_transportation_utilities.utilities,pct_chg,rolling_std_6m,lag_3m,pct_chg -> rolling_std_6m -> lag_3m,135,1,20,114,False,True,0.0727424284523478,0.0664771849296377,60,120,0.5016685205784204,0.4844271412680756,60,120,0.0727424284523478,0.0347252747252747,0.0155728587319243,0.0379784511571431,0.0074074074074074,False,True,0.1712025740715913,0.2123990693855207,0.165437726236761,0.3911382222818072,0.0438380522500342,0.1470706529025338,0.2144683778645005,0.220769648894832,acceleration,0.220769648894832,demote_unlikely,low_rank_and_weak_bundle,demote_unlikely,demote_low_score_weak_bundle_weak_recent_windows,True,True,0.10119584588784625,0.0483870967741936,0.5
FRED_Employment_SA,total.private.services.leisure_hospitality.arts.performing_symlog_diff_lag_1m,ambiguous,,sa_first_y_mom,False,False,0,1,sa_revised_y_mom,0.0027013812934507,0.0404652398619249,0.6883561483900041,-0.0048683204373536,0.5173160173160173,0.9994749754048412,431,total.private.services.leisure_hospitality.arts.performing,symlog_diff,none,lag_1m,symlog_diff -> lag_1m,135,12,25,98,False,True,0.0720497930201171,0.0629512204897942,60,120,0.4771968854282536,0.468020022246941,60,120,0.0720497930201171,0.0173160173160172,0.0319799777530589,0.0404652398619249,0.0888888888888888,False,True,0.1860839254591768,0.2077459969891884,0.1801850113956294,0.1960718594985923,0.1744631377376556,0.1470706529025338,0.2224858676819714,0.1787085655630527,y_mom,0.2224858676819714,demote_unlikely,low_rank_and_weak_bundle,demote_unlikely,demote_low_score_weak_bundle_weak_recent_windows,True,True,0.10119584588784625,0.0483870967741936,0.5
FRED_Employment_SA,total.private.services.trade_transportation_utilities.transportation_warehousing.scenic_pct_chg_zscore_12m_lag_3m,ambiguous,,,False,True,0,1,sa_first_y_mom,0.000610254129718,0.0381315139071976,0.8144389901778141,0.0220967455563226,0.5053158223889931,0.1917907272934759,402,total.private.services.trade_transportation_utilities.transportation_warehousing.scenic,pct_chg,zscore_12m,lag_3m,pct_chg -> zscore_12m -> lag_3m,135,2,17,116,False,True,-0.0162267296471242,-0.0716546547755472,60,120,0.5116796440489433,0.5211345939933258,60,120,0.0716546547755472,0.005315822388993,0.0211345939933258,0.0381315139071976,0.0148148148148148,False,True,0.1722751039013272,0.2059668810729437,0.1211958707601554,0.0603298029226437,0.0845985501299411,0.8836975465880145,0.2038513792831586,0.233497413178272,acceleration,0.233497413178272,demote_unlikely,low_rank_and_weak_bundle,demote_unlikely,demote_low_score_weak_bundle_weak_recent_windows,True,True,0.10119584588784625,0.0483870967741936,0.5
FRED_Employment_SA,total.government.federal_pct_chg_rolling_std_6m,ambiguous,,sa_revised_y_mom,False,False,0,1,sa_first_y_mom,0.0025666934558256,0.0623384076483635,0.4335920688150496,-0.0098379283644975,0.5037362637362638,0.9994749754048412,673,total.government.federal,pct_chg,rolling_std_6m,none,pct_chg -> rolling_std_6m,135,1,9,125,False,True,0.0038899694359544,-0.0205710158416119,60,120,0.4805339265850946,0.4938820912124583,60,120,0.0205710158416119,0.0037362637362637,0.0194660734149053,0.0623384076483635,0.0074074074074074,False,True,0.300978683469634,0.0239496373340632,0.305469902131653,0.0423649282745676,0.072630283135002,0.1470706529025338,0.234916761054588,0.0738989474013129,y_mom,0.234916761054588,demote_unlikely,low_rank_and_weak_bundle,demote_unlikely,demote_low_score_weak_bundle_weak_recent_windows,True,True,0.10119584588784625,0.0483870967741936,0.5
FRED_Employment_SA,total.private.services.leisure_hospitality.arts.performing_diff_zscore_12m_lag_1m,ambiguous,,sa_first_y_mom,False,False,0,1,sa_revised_y_mom,0.0015496816790474,0.035710977863399,0.7379356086721027,0.001548344433444,0.5033222591362126,0.9759534486464032,426,total.private.services.leisure_hospitality.arts.performing,diff,zscore_12m,lag_1m,diff -> zscore_12m -> lag_1m,135,12,25,98,False,True,0.0932785018004371,0.0826929288130775,60,120,0.5139043381535039,0.4621802002224694,60,120,0.0932785018004371,0.0033222591362126,0.0378197997775305,0.035710977863399,0.0888888888888888,False,True,0.1599410108593645,0.3125769809771452,0.1575278187424588,0.0389462394422844,0.2361510053344275,0.3842338115028824,0.2428809619772066,0.1770254219166541,y_mom,0.2428809619772066,demote_unlikely,low_rank_and_weak_bundle,demote_unlikely,demote_low_score_weak_bundle_weak_recent_windows,True,True,0.10119584588784625,0.0483870967741936,0.5
FRED_Employment_SA,total.private.services.trade_transportation_utilities.retail.gasoline_chg_6m_lag_6m,ambiguous,,sa_first_y_mom,False,False,0,1,sa_revised_y_mom,0.0006172247699615,0.0287198370510768,0.8057353939714534,0.005711152795538,0.514172335600907,0.8559972998065337,421,total.private.services.trade_transportation_utilities.retail.gasoline,chg_6m,none,lag_6m,chg_6m -> lag_6m,135,11,38,86,False,True,-0.08208177613085,-0.02632086136211,60,120,0.4805339265850945,0.532119021134594,60,120,0.08208177613085,0.014172335600907,0.0321190211345939,0.0287198370510768,0.0814814814814814,False,True,0.1233409304196272,0.2552347064458738,0.1242793940206462,0.1636948652634401,0.1753522090001368,0.5553023193457568,0.1996914447490173,0.2460964263877472,acceleration,0.2460964263877472,demote_unlikely,low_rank_and_weak_bundle,demote_unlikely,demote_low_score_weak_bundle_weak_recent_windows,True,True,0.10119584588784625,0.0483870967741936,0.5
FRED_Employment_SA,total.private.services.trade_transportation_utilities.transportation_warehousing.transit_symlog_chg_6m_lag_12m,ambiguous,,,False,True,0,1,sa_revised_y_mom,0.0051066227701095,0.0564762723286755,0.5310916945721844,0.0124776702098439,0.5023228803716608,0.4259605313920608,415,total.private.services.trade_transportation_utilities.transportation_warehousing.transit,symlog_chg_6m,none,lag_12m,symlog_chg_6m -> lag_12m,135,8,40,87,False,True,0.0355664230874469,-0.0660105775756011,60,120,0.5050055617352615,0.4666295884315907,60,120,0.0660105775756011,0.0023228803716608,0.0333704115684093,0.0564762723286755,0.0592592592592592,False,True,0.271618179380614,0.1818803886684001,0.2557983643920096,0.0276846762300576,0.1891670086171522,0.7447379005228583,0.2670459896336183,0.2276141374241008,y_mom,0.2670459896336183,demote_unlikely,low_rank_and_weak_bundle,demote_unlikely,demote_low_score_weak_bundle_weak_recent_windows,True,True,0.10119584588784625,0.0483870967741936,0.5
FRED_Exogenous,Credit_Spreads_acceleration_diff_zscore_3m_lag_3m,ambiguous,,nsa_first_y_mom,False,False,0,1,nsa_first_y_mom,0.0202271823110563,0.0742299677983455,0.2972929478421768,-0.0078657701774664,0.5428571428571428,0.9994749754048412,345,Credit_Spreads_acceleration,diff,zscore_3m,lag_3m,diff -> zscore_3m -> lag_3m,55,5,25,25,False,True,,,29,29,,,31,31,,0.0428571428571428,,0.0742299677983455,0.0909090909090909,False,True,0.3698887250301649,,0.368548062742995,0.4717120257407159,,0.1470706529025338,0.2701595388121732,0.2416845421638289,y_mom,0.2701595388121732,still_ambiguous,middle_band_or_conflicting_evidence,demote_unlikely,demote_low_score_weak_bundle_weak_recent_windows,True,True,0.10119584588784625,0.0483870967741936,0.5
FRED_Employment_SA,total.private.services.leisure_hospitality.arts.performing_diff_lag_1m,ambiguous,,sa_first_y_mom,False,False,0,1,sa_revised_y_mom,0.0030292345214528,0.0396875216046814,0.6950393371694322,-0.0049628808101318,0.5243506493506493,0.9994749754048412,431,total.private.services.leisure_hospitality.arts.performing,diff,none,lag_1m,diff -> lag_1m,135,12,25,98,False,True,0.0949344225853062,0.0840932610424313,60,120,0.4872080088987764,0.4528642936596218,60,120,0.0949344225853062,0.0243506493506493,0.0471357063403781,0.0396875216046814,0.0888888888888888,False,True,0.1815256736827993,0.3201040098535651,0.1754926933905349,0.2771819278723689,0.3336068937217891,0.1470706529025338,0.2588214952841144,0.270908410925699,acceleration,0.270908410925699,demote_unlikely,low_rank_and_weak_bundle,demote_unlikely,demote_low_score_weak_bundle_weak_recent_windows,True,True,0.10119584588784625,0.0483870967741936,0.5
FRED_Employment_SA,total.private.services.trade_transportation_utilities.transportation_warehousing.rail_symlog_chg_6m,ambiguous,,sa_revised_y_mom,False,False,0,1,sa_first_y_mom,0.0007735722818494,0.046283070424355,0.6173574879036652,-0.0007822574027696,0.5124175824175824,0.9994749754048412,673,total.private.services.trade_transportation_utilities.transportation_warehousing.rail,symlog_chg_6m,none,none,symlog_chg_6m,135,3,10,122,False,True,0.0471287846281646,0.0892714519137238,60,120,0.5266963292547274,0.4948553948832035,60,120,0.0892714519137238,0.0124175824175823,0.0266963292547274,0.046283070424355,0.0222222222222222,False,True,0.2159806944630647,0.2924592856165321,0.2119587076015552,0.1421102024400053,0.126590069757899,0.1470706529025338,0.2719438039944764,0.1376702460937738,y_mom,0.2719438039944764,demote_unlikely,low_rank_and_weak_bundle,demote_unlikely,demote_low_score_weak_bundle_weak_recent_windows,True,True,0.10119584588784625,0.0483870967741936,0.5
FRED_Employment_SA,total.private.goods.mining_logging.logging_rolling_mean_3m_lag_12m,ambiguous,,sa_revised_y_mom,False,False,0,1,sa_first_y_mom,0.0022826807976848,0.0650097081276315,0.4021044080796309,0.0005101414895013,0.5408791208791208,0.9994749754048412,673,total.private.goods.mining_logging.logging,raw,rolling_mean_3m,lag_12m,rolling_mean_3m -> lag_12m,135,8,12,115,False,True,-0.0440843359321048,0.0439658203480282,60,120,0.5278086763070078,0.4862347052280311,60,120,0.0440843359321048,0.0408791208791208,0.0278086763070077,0.0650097081276315,0.0592592592592592,False,True,0.3163962997720874,0.0843027234159025,0.3220270813782008,0.4505965947177905,0.1343865408288879,0.1470706529025338,0.2662897043686454,0.2792178874936233,acceleration,0.2792178874936233,demote_unlikely,low_rank_and_weak_bundle,demote_unlikely,demote_low_score_weak_bundle_weak_recent_windows,True,True,0.10119584588784625,0.0483870967741936,0.5
FRED_Exogenous,Credit_Spreads_acceleration_zscore_12m,ambiguous,,sa_first_y_mom,False,False,0,1,nsa_revised_y_mom,0.0061281473385396,0.0784159045590665,0.2486273893259749,-0.0346944425103143,0.5117647058823529,0.602197505926645,345,Credit_Spreads_acceleration,raw,zscore_12m,none,zscore_12m,55,5,25,25,False,True,,,29,29,,,31,31,,0.0117647058823529,,0.0784159045590665,0.0909090909090909,False,True,0.3912052553961657,,0.3925459176833356,0.135138758546722,,0.6913795414934978,0.2845515484649417,0.1990883496447245,y_mom,0.2845515484649417,still_ambiguous,middle_band_or_conflicting_evidence,demote_unlikely,demote_low_score_weak_bundle_weak_recent_windows,True,True,0.10119584588784625,0.0483870967741936,0.5
FRED_Exogenous,SP500_worst_day_diff_lag_3m,ambiguous,,nsa_revised_y_mom,False,False,0,1,sa_revised_y_mom,0.0035054072423758,0.0541542687870125,0.403326397645581,-0.0037522663150126,0.5250836120401339,0.8715404508102325,670,SP500_worst_day,diff,none,lag_3m,diff -> lag_3m,80,7,17,56,False,True,0.0434021506739001,0.0244331855343221,60,120,0.46875,0.4983314794215795,60,120,0.0434021506739001,0.0250836120401338,0.03125,0.0541542687870125,0.0875,False,True,0.2579434240514814,0.0821130422882167,0.3207534522053894,0.2844885373374447,0.1685131992887429,0.5368682128971711,0.2389647960651204,0.2943731041323444,acceleration,0.2943731041323444,demote_unlikely,low_rank_and_weak_bundle,demote_unlikely,demote_low_score_weak_bundle_weak_recent_windows,True,True,0.10119584588784625,0.0483870967741936,0.5
FRED_Exogenous,SP500_worst_day_chg_3m_lag_1m,ambiguous,,sa_first_y_mom,False,False,0,1,sa_revised_y_mom,0.0114069729703981,0.0642594455781764,0.2816249445278594,-0.0067729045197724,0.5068004459308807,0.4849098821728252,670,SP500_worst_day,chg_3m,none,lag_1m,chg_3m -> lag_1m,80,7,17,56,False,True,-0.0576009336408418,0.016067701743506,60,120,0.4564732142857143,0.4897107897664071,60,120,0.0576009336408418,0.0068004459308806,0.0435267857142857,0.0642594455781764,0.0875,False,True,0.3122402466818608,0.142055563158615,0.3761898377798632,0.0793672074004558,0.2985227739023389,0.7282477543906689,0.2954655256683253,0.2858477650741575,y_mom,0.2954655256683253,demote_unlikely,low_rank_and_weak_bundle,demote_unlikely,demote_low_score_weak_bundle_weak_recent_windows,True,True,0.10119584588784625,0.0483870967741936,0.5
FRED_Employment_SA,total.private.services.trade_transportation_utilities.transportation_warehousing.scenic_pct_chg_lag_3m,ambiguous,,,False,True,0,1,sa_first_y_mom,-0.0003470339554549,0.0307979371258862,0.8698391599808968,0.0102480408223428,0.5259146341463414,0.3922033372770921,407,total.private.services.trade_transportation_utilities.transportation_warehousing.scenic,pct_chg,none,lag_3m,pct_chg -> lag_3m,135,2,17,116,False,True,0.0153700777077002,-0.0314405127960038,60,120,0.4888765294771968,0.5155728587319244,60,120,0.0314405127960038,0.0259146341463414,0.0155728587319243,0.0307979371258862,0.0148148148148148,False,True,0.1325915002010993,0.0455727384699603,0.0946507574741922,0.2915940474594449,0.0438380522500342,0.7644456361442553,0.1245467850498192,0.2994497668731132,acceleration,0.2994497668731132,demote_unlikely,low_rank_and_weak_bundle,demote_unlikely,demote_low_score_weak_bundle_weak_recent_windows,True,True,0.10119584588784625,0.0483870967741936,0.5
FRED_Employment_SA,total.government.local.excluding_education_chg_12m_lag_12m,ambiguous,,sa_revised_y_mom,False,False,0,1,sa_first_y_mom,-0.0021872888626415,0.0077341666638915,0.980996068051692,-0.0030487260384883,0.5293406593406593,0.99086669594038,673,total.government.local.excluding_education,chg_12m,none,lag_12m,chg_12m -> lag_12m,135,3,23,109,False,True,0.0918588496804668,0.0422881728197208,60,120,0.4838709677419355,0.4625973303670745,60,120,0.0918588496804668,0.0293406593406593,0.0374026696329254,0.0077341666638915,0.0222222222222222,False,True,0.0276176431156991,0.303407691254961,0.023528623139831,0.3319479823032578,0.2330050608671864,0.3438798766590696,0.1533263559692671,0.2997043386717951,acceleration,0.2997043386717951,demote_unlikely,low_rank_and_weak_bundle,demote_unlikely,demote_low_score_weak_bundle_weak_recent_windows,True,True,0.10119584588784625,0.0483870967741936,0.5
FRED_Employment_SA,total.private.goods.mining_logging_symlog_diff_zscore_12m_lag_3m,ambiguous,,,False,True,0,1,sa_revised_y_mom,0.002957158480339,0.0442545090516838,0.5316752599863659,0.0240573224454887,0.5242857142857142,0.2079500837833876,673,total.private.goods.mining_logging,symlog_diff,zscore_12m,lag_3m,symlog_diff -> zscore_12m -> lag_3m,135,6,33,96,False,True,-0.040929172818601,0.0154287708654018,60,120,0.5061179087875417,0.4948553948832035,60,120,0.040929172818601,0.0242857142857142,0.0061179087875417,0.0442545090516838,0.0444444444444444,False,True,0.2047191312508379,0.0740385931298754,0.2547928676766322,0.2761764311569915,0.0067022295171659,0.8755865397506368,0.1989956901936599,0.3017424823017816,acceleration,0.3017424823017816,demote_unlikely,low_rank_and_weak_bundle,demote_unlikely,demote_low_score_weak_bundle_weak_recent_windows,True,True,0.10119584588784625,0.0483870967741936,0.5
FRED_Employment_SA,total.government.state_pct_chg_rolling_std_6m_lag_3m,ambiguous,,sa_revised_y_mom,False,False,0,1,sa_revised_y_mom,0.0227408950999264,0.078967012273558,0.1436227588063407,-0.0075181298917981,0.5297802197802197,0.9994749754048412,673,total.government.state,pct_chg,rolling_std_6m,lag_3m,pct_chg -> rolling_std_6m -> lag_3m,135,2,22,111,False,True,-0.0018616799584835,-0.0119735318352252,60,120,0.4727474972191324,0.5120967741935484,60,120,0.0119735318352252,0.0297802197802197,0.0272525027808676,0.078967012273558,0.0148148148148148,False,True,0.3948250435715243,0.0065690433830573,0.4685614693658667,0.3382490950529561,0.1301463548078238,0.1470706529025338,0.3036827286644293,0.2271774475370754,y_mom,0.3036827286644293,demote_unlikely,low_rank_and_weak_bundle,demote_unlikely,demote_low_score_weak_bundle_weak_recent_windows,True,True,0.10119584588784625,0.0483870967741936,0.5
FRED_Exogenous,VIX_30d_spike_pct_chg_rolling_std_6m_lag_3m,ambiguous,,sa_revised_y_mom,False,False,0,1,nsa_first_y_mom,0.00251700354218,0.0521304153487434,0.4425291524524622,0.0003648096948362,0.5340909090909091,0.9994749754048412,428,VIX_30d_spike,pct_chg,rolling_std_6m,lag_3m,pct_chg -> rolling_std_6m -> lag_3m,80,6,10,64,False,True,-0.0910252848013337,0.0094034797737912,60,120,0.5435267857142858,0.5266963292547274,60,120,0.0910252848013337,0.034090909090909,0.0435267857142858,0.0521304153487434,0.075,False,True,0.2457433972382356,0.2999178869577117,0.3005764847834831,0.3855744737900523,0.2990015045821365,0.1470706529025338,0.3056710861491017,0.307573170389778,acceleration,0.307573170389778,demote_unlikely,low_rank_and_weak_bundle,demote_unlikely,demote_low_score_weak_bundle_weak_recent_windows,True,True,0.10119584588784625,0.0483870967741936,0.5
FRED_Employment_SA,total.government.state_pct_chg_lag_12m,ambiguous,,,False,True,0,1,sa_revised_y_mom,0.0019190780955539,0.0436757669414038,0.5475697264854228,0.0263876008708983,0.5214752567693743,0.2115631662807723,653,total.government.state,pct_chg,none,lag_12m,pct_chg -> lag_12m,135,2,22,111,False,True,-0.0450989927101534,0.0169161900247589,60,120,0.4816666666666666,0.5101501668520578,60,120,0.0450989927101534,0.0214752567693743,0.0183333333333333,0.0436757669414038,0.0148148148148148,False,True,0.2021718729052151,0.0871766798959901,0.247419225097198,0.2476203244402735,0.0637395705101901,0.8738436787773161,0.2009730257903829,0.3085067314321528,acceleration,0.3085067314321528,demote_unlikely,low_rank_and_weak_bundle,demote_unlikely,demote_low_score_weak_bundle_weak_recent_windows,True,True,0.10119584588784625,0.0483870967741936,0.5
FRED_Employment_SA,total.government_symlog_diff_zscore_3m_lag_12m,ambiguous,,,False,True,0,1,sa_revised_y_mom,0.0020709697241368,0.0484030884859988,0.4760922854484447,0.0214626247333232,0.5138461538461538,0.1287228940797253,673,total.government,symlog_diff,zscore_3m,lag_12m,symlog_diff -> zscore_3m -> lag_12m,135,9,35,91,False,True,-0.0298146656037739,-0.0647048814754156,60,120,0.4994438264738599,0.4708008898776418,60,120,0.0647048814754156,0.0138461538461538,0.0291991101223581,0.0484030884859988,0.0666666666666666,False,True,0.2254993967019707,0.1751744902148624,0.2831478750502748,0.1595388121732135,0.1471070988920804,0.9293470974661484,0.2494153751011436,0.3091493695834039,acceleration,0.3091493695834039,demote_unlikely,low_rank_and_weak_bundle,demote_unlikely,demote_low_score_weak_bundle_weak_recent_windows,True,True,0.10119584588784625,0.0483870967741936,0.5
FRED_Exogenous,Credit_Spreads_acceleration_lag_12m,ambiguous,,nsa_revised_y_mom,False,False,0,1,nsa_first_y_mom,0.0072245893267233,0.0878300311694836,0.2039736110737683,0.019700162990533,0.5298701298701298,0.5820275488617643,338,Credit_Spreads_acceleration,raw,none,lag_12m,lag_12m,55,5,25,25,False,True,,,22,22,,,24,24,,0.0298701298701298,,0.0878300311694836,0.0909090909090909,False,True,0.436921839388658,,0.4202976270277517,0.3385842606247486,,0.6978147204719132,0.3106743531304464,0.2919258613755195,y_mom,0.3106743531304464,still_ambiguous,middle_band_or_conflicting_evidence,demote_unlikely,demote_low_score_weak_bundle_weak_recent_windows,True,True,0.10119584588784625,0.0483870967741936,0.5
FRED_Exogenous,VIX_monthly_30d_spike_pct_chg_rolling_std_6m_lag_3m,ambiguous,,sa_revised_y_mom,False,False,0,1,nsa_revised_y_mom,0.0015678297154232,0.0439396486357548,0.5139440277023282,0.0007671610750457,0.5405844155844155,0.9994749754048412,428,VIX_monthly_30d_spike,pct_chg,rolling_std_6m,lag_3m,pct_chg -> rolling_std_6m -> lag_3m,80,6,10,64,False,True,-0.0517365934981939,0.0181644874027765,60,120,0.5334821428571428,0.5389321468298109,60,120,0.0517365934981939,0.0405844155844155,0.0389321468298109,0.0439396486357548,0.075,False,True,0.2029762702775171,0.117832215683591,0.2639764043437458,0.4474460383429414,0.2473669812611134,0.1470706529025338,0.2153758779828887,0.3173432912762201,acceleration,0.3173432912762201,demote_unlikely,low_rank_and_weak_bundle,demote_unlikely,demote_low_score_weak_bundle_weak_recent_windows,True,True,0.10119584588784625,0.0483870967741936,0.5
FRED_Employment_SA,total.private.services.trade_transportation_utilities.transportation_warehousing.pipeline_symlog_diff_zscore_12m_lag_3m,ambiguous,,,False,True,0,1,sa_first_y_mom,0.0007898538135648,0.0376437380042458,0.8091327370235986,-0.0027234215513005,0.522702104097453,0.4042603054785417,424,total.private.services.trade_transportation_utilities.transportation_warehousing.pipeline,symlog_diff,zscore_12m,lag_3m,symlog_diff -> zscore_12m -> lag_3m,135,0,33,102,False,False,0.0027785495971103,0.0704844285260022,60,120,0.5050055617352613,0.542547274749722,60,120,0.0704844285260022,0.0227021040974529,0.0425472747497219,0.0376437380042458,0.0,False,True,0.1695937793269875,0.2011769536061311,0.1228046655047593,0.2613621128837646,0.2897004513746409,0.7567368279930285,0.2012900675602421,0.3703554743774241,acceleration,0.3203554743774241,demote_unlikely,low_rank_and_weak_bundle,demote_unlikely,demote_low_score_weak_bundle_weak_recent_windows,True,True,0.10119584588784625,0.0483870967741936,0.5
FRED_Employment_SA,total.government.local.education_diff_zscore_12m_lag_12m,ambiguous,,,False,True,0,1,sa_first_y_mom,-0.0001986427772053,0.0090713662338085,0.9732894962153956,-0.0105340092722041,0.5164835164835165,0.0124353202664393,673,total.government.local.education,diff,zscore_12m,lag_12m,diff -> zscore_12m -> lag_12m,135,3,36,96,False,True,0.0978049458182828,0.000180569035538,60,120,0.5205784204671857,0.4749721913236929,60,120,0.0978049458182828,0.0164835164835165,0.025027808676307,0.0090713662338085,0.0222222222222222,False,True,0.0339187558653975,0.335226495141645,0.0290923716315859,0.189234481834026,0.1145534126658459,0.9970505429682264,0.1684111877653218,0.324659319852003,acceleration,0.324659319852003,demote_unlikely,low_rank_and_weak_bundle,demote_unlikely,demote_low_score_weak_bundle_weak_recent_windows,True,True,0.10119584588784625,0.0483870967741936,0.5
FRED_Employment_SA,total.private.services.financial.finance_insurance.monetary_authorities_chg_3m_lag_12m,ambiguous,,,False,True,0,1,sa_revised_y_mom,0.0032105036169784,0.0431389123774528,0.6683964113787646,0.0317675156085287,0.5192743764172335,0.2192323074155156,418,total.private.services.financial.finance_insurance.monetary_authorities,chg_3m,none,lag_12m,chg_3m -> lag_12m,135,13,40,82,False,True,-0.0742377771972262,-0.0169984747442688,60,120,0.5189098998887653,0.5298943270300334,60,120,0.0742377771972262,0.0192743764172335,0.0298943270300333,0.0431389123774528,0.0962962962962963,False,True,0.1992224158734414,0.2180101272752155,0.1888993162622335,0.2212092773830272,0.1547667897688414,0.8694194932296555,0.2337334949418208,0.3275964498873879,acceleration,0.3275964498873879,demote_unlikely,low_rank_and_weak_bundle,demote_unlikely,demote_low_score_weak_bundle_weak_recent_windows,True,True,0.10119584588784625,0.0483870967741936,0.5
FRED_Exogenous,Credit_Spreads_acceleration_diff_zscore_3m_lag_6m,ambiguous,,nsa_first_y_mom,False,False,0,1,nsa_first_y_mom,0.0242682888519171,0.078808474723912,0.2636968671956269,-0.0144709685845307,0.5774891774891775,0.9999184934536128,342,Credit_Spreads_acceleration,diff,zscore_3m,lag_6m,diff -> zscore_3m -> lag_6m,55,5,25,25,False,True,,,26,26,,,28,28,,0.0774891774891775,,0.078808474723912,0.0909090909090909,False,True,0.3934843812843545,,0.3849041426464673,0.7417884434910846,,0.0010725298297359,0.284048800107253,0.3340193055369352,acceleration,0.3340193055369352,still_ambiguous,middle_band_or_conflicting_evidence,demote_unlikely,demote_low_score_weak_bundle_weak_recent_windows,True,True,0.10119584588784625,0.0483870967741936,0.5
FRED_Employment_SA,total.private.services.financial.finance_insurance.monetary_authorities_symlog_chg_3m_lag_12m,ambiguous,,,False,True,0,1,sa_revised_y_mom,0.003204716024205,0.0430467303854512,0.6692536104163099,0.0342543969980477,0.5195578231292517,0.1850555984311448,418,total.private.services.financial.finance_insurance.monetary_authorities,symlog_chg_3m,none,lag_12m,symlog_chg_3m -> lag_12m,135,13,40,82,False,True,-0.071484681283836,-0.0185820059973741,60,120,0.5189098998887653,0.5298943270300334,60,120,0.071484681283836,0.0195578231292516,0.0298943270300333,0.0430467303854512,0.0962962962962963,False,True,0.1984180185011395,0.2055563158615026,0.1887652500335165,0.2271081914465746,0.1547667897688414,0.8889931626223354,0.228985868883742,0.3341656950945202,acceleration,0.3341656950945202,still_ambiguous,middle_band_or_conflicting_evidence,demote_unlikely,demote_low_score_weak_bundle_weak_recent_windows,True,True,0.10119584588784625,0.0483870967741936,0.5
FRED_Employment_SA,total.private.services.professional_business.admin_waste.waste_management_symlog_chg_6m,ambiguous,,sa_first_y_mom,False,False,0,1,sa_revised_y_mom,0.0049583981199514,0.0635573889105964,0.4478548500789057,-0.0023408479025157,0.5260243632336655,0.9732487237792156,427,total.private.services.professional_business.admin_waste.waste_management,symlog_chg_6m,none,none,symlog_chg_6m,135,11,31,93,False,True,-0.0167273333583149,0.0924439784123351,60,120,0.4649610678531702,0.4621802002224694,60,120,0.0924439784123351,0.0260243632336655,0.0378197997775305,0.0635573889105964,0.0814814814814814,False,True,0.3084863922777852,0.3077870535103325,0.2981632926665772,0.2934709746614827,0.2361510053344275,0.3900656924520713,0.3361770037869351,0.2927279289551311,y_mom,0.3361770037869351,still_ambiguous,middle_band_or_conflicting_evidence,demote_unlikely,demote_low_score_weak_bundle_weak_recent_windows,True,True,0.10119584588784625,0.0483870967741936,0.5
FRED_Employment_SA,total.government_symlog_chg_12m_lag_12m,ambiguous,,,False,True,0,1,sa_first_y_mom,0.0002073695030965,0.0189227410401473,0.9138116295402708,0.0198378499128999,0.5186813186813186,0.152337034875275,673,total.government,symlog_chg_12m,none,lag_12m,symlog_chg_12m -> lag_12m,135,9,35,91,False,True,0.046901917199222,-0.0777352397323879,60,120,0.4994438264738598,0.4684371523915462,60,120,0.0777352397323879,0.0186813186813186,0.0315628476084537,0.0189227410401473,0.0666666666666666,False,True,0.0764177503686821,0.2351170110852607,0.0691111409036063,0.2146400321758949,0.1697442210367938,0.9137954149349778,0.1605011697264694,0.3387575748290261,acceleration,0.3387575748290261,still_ambiguous,middle_band_or_conflicting_evidence,demote_unlikely,demote_low_score_weak_bundle_weak_recent_windows,True,True,0.10119584588784625,0.0483870967741936,0.5
FRED_Employment_SA,total.private.services.trade_transportation_utilities.retail.gasoline_pct_chg_zscore_3m,ambiguous,,,False,True,0,1,sa_first_y_mom,0.0005789807213172,0.0589418305486069,0.6111660334723128,-0.0053154849783234,0.5121816168327796,0.3155306475697194,427,total.private.services.trade_transportation_utilities.retail.gasoline,pct_chg,zscore_3m,none,pct_chg -> zscore_3m,135,11,38,86,False,True,0.022395109752709,-0.0097889252150359,60,120,0.4872080088987764,0.5482078355098639,60,120,0.022395109752709,0.0121816168327796,0.0482078355098638,0.0589418305486069,0.0814814814814814,False,True,0.2826116101354068,0.0270973039551115,0.2142378334897439,0.1392948116369486,0.3443441389686773,0.8123072797962193,0.2095068476431709,0.3456645698349078,acceleration,0.3456645698349078,still_ambiguous,middle_band_or_conflicting_evidence,demote_unlikely,demote_low_score_weak_bundle_weak_recent_windows,True,True,0.10119584588784625,0.0483870967741936,0.5
FRED_Employment_SA,total.private.services.trade_transportation_utilities.retail.sporting_goods_diff_lag_6m,ambiguous,,sa_first_y_mom,False,False,0,1,sa_revised_y_mom,-0.000790870324774,0.0190046533561925,0.8863190593271437,0.001196040223982,0.5337763012181616,0.9818659418988408,426,total.private.services.trade_transportation_utilities.retail.sporting_goods,diff,none,lag_6m,diff -> lag_6m,135,12,45,78,False,True,0.0005835197355273,-0.0779273319892897,60,120,0.542825361512792,0.5385150166852057,60,120,0.0779273319892897,0.0337763012181615,0.042825361512792,0.0190046533561925,0.0888888888888888,False,True,0.077088081512267,0.2360749965786232,0.0845287572060597,0.3809491888993163,0.2933935166187936,0.3728381820619386,0.1642216369242502,0.3486825022336578,acceleration,0.3486825022336578,still_ambiguous,middle_band_or_conflicting_evidence,demote_unlikely,demote_low_score_weak_bundle_weak_recent_windows,True,True,0.10119584588784625,0.0483870967741936,0.5
FRED_Employment_SA,total.government.local.education_zscore_3m_lag_12m,ambiguous,,,False,True,0,1,sa_first_y_mom,0.0008544716155476,0.0391349429479728,0.7050568122316733,0.0131025710917631,0.5123076923076924,0.0259135797066315,673,total.government.local.education,raw,zscore_3m,lag_12m,zscore_3m -> lag_12m,135,3,36,96,False,True,-0.0064462350652959,-0.0719150908844963,60,120,0.5016685205784205,0.4599555061179088,60,120,0.0719150908844963,0.0123076923076923,0.0400444938820911,0.0391349429479728,0.0222222222222222,False,True,0.1784421504223086,0.207198576707267,0.1714707065290253,0.1417080037538544,0.2595404185473943,0.9936318541359432,0.2171126108433873,0.3533341190080111,acceleration,0.3533341190080111,still_ambiguous,middle_band_or_conflicting_evidence,demote_unlikely,demote_low_score_weak_bundle_weak_recent_windows,True,True,0.10119584588784625,0.0483870967741936,0.5
FRED_Exogenous,Credit_Spreads_acceleration,ambiguous,,sa_first_y_mom,False,False,0,1,nsa_revised_y_mom,0.005250421443018,0.0634414221084509,0.3686230013137532,-0.0015125421977173,0.5416326530612244,0.7513307571984371,350,Credit_Spreads_acceleration,raw,none,none,raw,55,5,25,25,False,True,,,34,34,0.4814814814814814,,36,36,,0.0416326530612244,0.0185185185185185,0.0634414221084509,0.0909090909090909,False,True,0.3080841935916342,,0.3374446976806542,0.4595790320418286,0.0686636575023936,0.6283684139965142,0.2361268266523662,0.3565165273439635,acceleration,0.3565165273439635,still_ambiguous,middle_band_or_conflicting_evidence,demote_unlikely,demote_low_score_weak_bundle_weak_recent_windows,True,True,0.10119584588784625,0.0483870967741936,0.5
FRED_Exogenous,Credit_Spreads_acceleration_diff,ambiguous,,nsa_revised_y_mom,False,False,0,1,nsa_revised_y_mom,0.0133029274381958,0.1009607756664461,0.1150960814961903,0.0090692675518464,0.5310204081632653,0.5600068189169499,349,Credit_Spreads_acceleration,diff,none,none,diff,55,5,25,25,False,True,,,33,33,,,35,35,,0.0310204081632653,,0.1009607756664461,0.0909090909090909,False,True,0.5095857353532645,,0.5051615498056039,0.3505831880949189,,0.7050542968226303,0.3603458908700898,0.2987732940072395,y_mom,0.3603458908700898,still_ambiguous,middle_band_or_conflicting_evidence,demote_unlikely,demote_low_score_weak_bundle_weak_recent_windows,True,True,0.10119584588784625,0.0483870967741936,0.5
FRED_Employment_SA,total.government.state_lag_1m,ambiguous,,,False,True,0,1,sa_first_y_mom,0.0016693994973419,0.0658118559990306,0.3926360171969695,0.0273110579554755,0.5065934065934066,0.3657967845558324,673,total.government.state,raw,none,lag_1m,lag_1m,135,2,22,111,False,True,-0.1003432867054845,-0.0560087026554677,60,120,0.4605116796440489,0.4884593993325917,60,120,0.1003432867054845,0.0065934065934065,0.039488320355951,0.0658118559990306,0.0148148148148148,False,True,0.3210886177771819,0.3463801833857944,0.3261831344684274,0.0772891808553425,0.2540692107782793,0.7821423783348974,0.3609595690784454,0.2801328308242814,y_mom,0.3609595690784454,still_ambiguous,middle_band_or_conflicting_evidence,demote_unlikely,demote_low_score_weak_bundle_weak_recent_windows,True,True,0.10119584588784625,0.0483870967741936,0.5
FRED_Employment_SA,total.private.goods.mining_logging.mining.oil_gas_diff_lag_3m,ambiguous,,sa_first_y_mom,False,True,0,2,sa_revised_y_mom,0.0146543815339003,0.0673895042765587,0.2609287735539281,0.0344440751510916,0.5136210221793635,0.2617206014052297,645,total.private.goods.mining_logging.mining.oil_gas,diff,none,lag_3m,diff -> lag_3m,135,11,25,99,False,True,0.0682610950273667,0.0534945553541485,60,120,0.5483870967741935,0.4938820912124583,60,120,0.0682610950273667,0.0136210221793634,0.0483870967741935,0.0673895042765587,0.0814814814814814,False,True,0.3307413862448049,0.1931025044477897,0.3866470036197882,0.1573937525137418,0.3467377923676651,0.8452205389462395,0.3537489010908463,0.3612295237491145,acceleration,0.3612295237491145,still_ambiguous,middle_band_or_conflicting_evidence,demote_unlikely,demote_low_score_weak_bundle_weak_recent_windows,True,True,0.10119584588784625,0.0483870967741936,0.5
FRED_Employment_SA,total.private.services.trade_transportation_utilities.transportation_warehousing.transit_diff_zscore_12m_lag_6m,ambiguous,,,False,True,0,1,sa_revised_y_mom,0.0082744531063699,0.072914666560424,0.3570717670187634,0.0215299070199564,0.522108843537415,0.1384996889091852,421,total.private.services.trade_transportation_utilities.transportation_warehousing.transit,diff,zscore_12m,lag_6m,diff -> zscore_12m -> lag_6m,135,8,40,87,False,True,-0.0281197032535127,-0.0880511444582536,60,120,0.5250278086763069,0.4849833147942158,60,120,0.0880511444582536,0.022108843537415,0.0250278086763069,0.072914666560424,0.0592592592592592,False,True,0.3633194798230326,0.2847954016696318,0.3421370156857487,0.2542566027617643,0.1113390781014909,0.9225767529159404,0.3615995596418855,0.3378994991615038,y_mom,0.3615995596418855,still_ambiguous,middle_band_or_conflicting_evidence,demote_unlikely,demote_low_score_weak_bundle_weak_recent_windows,True,True,0.10119584588784625,0.0483870967741936,0.5
FRED_Employment_SA,total.government_symlog_lag_12m,ambiguous,,,False,True,0,1,sa_revised_y_mom,0.0068023282627602,0.0799791305349777,0.1363353321824067,0.0200809659696867,0.5152747252747253,0.338690402045267,673,total.government,symlog,none,lag_12m,symlog -> lag_12m,135,9,35,91,False,True,-0.0549835345497578,-0.0636210664690513,60,120,0.5083426028921023,0.4776140155728587,60,120,0.0636210664690513,0.0152747252747252,0.0223859844271412,0.0799791305349777,0.0666666666666666,False,True,0.3993832953479018,0.1692897221842069,0.4771417080037539,0.1762300576484783,0.0931473122691834,0.7997050542968226,0.364402227271779,0.271846096095394,y_mom,0.364402227271779,still_ambiguous,middle_band_or_conflicting_evidence,demote_unlikely,demote_low_score_weak_bundle_weak_recent_windows,True,True,0.10119584588784625,0.0483870967741936,0.5
FRED_Employment_SA,total.government.local.education_symlog_zscore_3m_lag_12m,ambiguous,,,False,True,0,1,sa_first_y_mom,0.0008858192782926,0.0409629007148875,0.6800000486276843,0.0147929823292516,0.5138461538461538,0.0210475749977681,673,total.government.local.education,symlog,zscore_3m,lag_12m,symlog -> zscore_3m -> lag_12m,135,3,36,96,False,True,-0.0110030564045568,-0.0627060700720538,60,120,0.4972191323692992,0.4588431590656285,60,120,0.0627060700720538,0.0138461538461538,0.0411568409343715,0.0409629007148875,0.0222222222222222,False,True,0.1886311838047995,0.1653209251402764,0.183804799570988,0.1595388121732135,0.274244289426891,0.9943692183938866,0.2095073164254541,0.3666518104561352,acceleration,0.3666518104561352,still_ambiguous,middle_band_or_conflicting_evidence,demote_unlikely,demote_low_score_weak_bundle_weak_recent_windows,True,True,0.10119584588784625,0.0483870967741936,0.5
FRED_Exogenous,SP500_worst_day_pct_chg_rolling_mean_3m_lag_12m,ambiguous,,sa_revised_y_mom,False,False,0,1,sa_revised_y_mom,0.0202063633604541,0.076697366460221,0.1661874648638596,-0.014107047799956,0.5072463768115942,0.9994749754048412,660,SP500_worst_day,pct_chg,rolling_mean_3m,lag_12m,pct_chg -> rolling_mean_3m -> lag_12m,80,7,17,56,False,True,0.0751618550402688,0.0578465043534307,60,120,0.5078125,0.5166852057842046,60,120,0.0751618550402688,0.0072463768115942,0.0166852057842046,0.076697366460221,0.0875,False,True,0.3828931492157125,0.2233474750239496,0.4483174688296018,0.0854672208070786,0.0517713035152509,0.1470706529025338,0.3701370271713734,0.08599433617403,y_mom,0.3701370271713734,still_ambiguous,middle_band_or_conflicting_evidence,demote_unlikely,demote_low_score_weak_bundle_weak_recent_windows,True,True,0.10119584588784625,0.0483870967741936,0.5
FRED_Employment_SA,total.private.services.professional_business.admin_waste.waste_management_symlog_chg_3m_lag_1m,ambiguous,,,False,True,0,1,sa_first_y_mom,0.0005916592805352,0.0772569469142111,0.4420735399628194,0.0210902326452476,0.5248917748917749,0.2260857171025452,429,total.private.services.professional_business.admin_waste.waste_management,symlog_chg_3m,none,lag_1m,symlog_chg_3m -> lag_1m,135,11,31,93,False,True,0.0454583345086431,0.0921882379092704,60,120,0.4671857619577308,0.4885984427141269,60,120,0.0921882379092704,0.0248917748917748,0.0328142380422691,0.0772569469142111,0.0814814814814814,False,True,0.3850382088751843,0.3057342274531271,0.3009786834696339,0.2809357822764445,0.1821912187115305,0.8675425660276177,0.3704699102963542,0.3636965417789592,y_mom,0.3704699102963542,still_ambiguous,middle_band_or_conflicting_evidence,demote_unlikely,demote_low_score_weak_bundle_weak_recent_windows,True,True,0.10119584588784625,0.0483870967741936,0.5
FRED_Employment_SA,total.private.goods.mining_logging_symlog_diff_zscore_3m,ambiguous,,,False,True,0,1,sa_revised_y_mom,0.006107123943471,0.050060853581189,0.4548801727303127,0.0103701576434244,0.5272527472527473,0.0127582748321569,673,total.private.goods.mining_logging,symlog_diff,zscore_3m,none,symlog_diff -> zscore_3m,135,6,33,96,False,True,-0.0154769512966468,0.0637082464202209,60,120,0.4760845383759733,0.5216907675194661,60,120,0.0637082464202209,0.0272527472527472,0.0239154616240266,0.050060853581189,0.0444444444444444,False,True,0.2347499664834428,0.1699739975366087,0.2951468025204451,0.3071457299906153,0.1039529476131856,0.9969164767395092,0.2541577445594514,0.3739824055082937,acceleration,0.3739824055082937,still_ambiguous,middle_band_or_conflicting_evidence,demote_unlikely,demote_low_score_weak_bundle_weak_recent_windows,True,True,0.10119584588784625,0.0483870967741936,0.5
FRED_Employment_SA,total.government_symlog_diff_lag_12m,ambiguous,,,False,True,0,1,sa_revised_y_mom,0.0011404024505486,0.0324420094834975,0.6875647468755546,0.0219538767250359,0.5243956043956044,0.215766555859091,673,total.government,symlog_diff,none,lag_12m,symlog_diff -> lag_12m,135,9,35,91,False,True,-0.0178943566158717,-0.0377818446011121,60,120,0.489432703003337,0.4638487208008899,60,120,0.0377818446011121,0.0243956043956043,0.0361512791991101,0.0324420094834975,0.0666666666666666,False,True,0.1405014076954015,0.0647324483372109,0.1804531438530634,0.2784555570451803,0.2172069484338668,0.8717656522322027,0.1519726191515672,0.3756805630686251,acceleration,0.3756805630686251,still_ambiguous,middle_band_or_conflicting_evidence,demote_unlikely,demote_low_score_weak_bundle_weak_recent_windows,True,True,0.10119584588784625,0.0483870967741936,0.5
FRED_Employment_SA,total.private.goods.mining_logging.logging_symlog_lag_3m,ambiguous,,sa_revised_y_mom,False,False,0,1,sa_first_y_mom,0.0010934629504474,0.0553554414288326,0.5165670154474923,0.0068506039260253,0.5347252747252748,0.8271400569339146,673,total.private.goods.mining_logging.logging,symlog,none,lag_3m,symlog -> lag_3m,135,8,12,115,False,True,-0.0360232785957031,-0.056542387500136,60,120,0.4610678531701891,0.5254449388209121,60,120,0.056542387500136,0.0347252747252747,0.0389321468298108,0.0553554414288326,0.0592592592592592,False,True,0.2650489341734817,0.1373340632270425,0.2619654109129909,0.3911382222818072,0.2466146901928601,0.5815793001742862,0.2497320246901298,0.3786432016291715,acceleration,0.3786432016291715,still_ambiguous,middle_band_or_conflicting_evidence,demote_unlikely,demote_low_score_weak_bundle_weak_recent_windows,True,True,0.10119584588784625,0.0483870967741936,0.5
FRED_Exogenous,Credit_Spreads_acceleration_zscore_12m_lag_12m,ambiguous,,nsa_revised_y_mom,False,False,0,1,nsa_revised_y_mom,-0.0024680947671873,0.104906223236471,0.1087170311697102,0.0125920302580653,0.5357142857142857,0.7384507617766101,333,Credit_Spreads_acceleration,raw,zscore_12m,lag_12m,zscore_12m -> lag_12m,55,5,25,25,False,True,,,17,17,,,19,19,,0.0357142857142857,,0.104906223236471,0.0909090909090909,False,True,0.5590561737498324,,0.514948384501944,0.4007239576350717,,0.6334629306877597,0.3845649550878134,0.3070183670733342,y_mom,0.3845649550878134,still_ambiguous,middle_band_or_conflicting_evidence,demote_unlikely,demote_low_score_weak_bundle_weak_recent_windows,True,True,0.10119584588784625,0.0483870967741936,0.5
FRED_Exogenous,SP500_worst_day_pct_chg_rolling_mean_3m,ambiguous,,sa_revised_y_mom,False,False,0,1,nsa_revised_y_mom,0.0013853570133475,0.0788521584519307,0.082800100043569,-0.000755910826917,0.5183946488294314,0.9994749754048412,672,SP500_worst_day,pct_chg,rolling_mean_3m,none,pct_chg -> rolling_mean_3m,80,7,17,56,False,True,0.0681300361211447,0.0626815450406268,60,120,0.4587053571428571,0.5050055617352613,60,120,0.0681300361211447,0.0183946488294314,0.0412946428571428,0.0788521584519307,0.0875,False,True,0.3938865799705054,0.1924182290953879,0.5561067167180587,0.2107521115431023,0.2758856517576254,0.1470706529025338,0.385816684513725,0.2208125588900717,y_mom,0.385816684513725,still_ambiguous,middle_band_or_conflicting_evidence,demote_unlikely,demote_low_score_weak_bundle_weak_recent_windows,True,True,0.10119584588784625,0.0483870967741936,0.5
FRED_Exogenous,Credit_Spreads_acceleration_rolling_mean_3m_lag_6m,ambiguous,,"nsa_first_y_mom,sa_first_y_mom",False,False,0,2,sa_first_y_mom,0.0498609328490158,0.1048291283839184,0.2836509232208115,-0.0010070489399423,0.5029411764705882,0.9994749754048412,343,Credit_Spreads_acceleration,raw,rolling_mean_3m,lag_6m,rolling_mean_3m -> lag_6m,55,5,25,25,False,True,,,27,27,,,29,29,,0.0029411764705882,,0.1048291283839184,0.0909090909090909,False,True,0.5582517763775305,,0.3749832417214104,0.0351253519238503,,0.1470706529025338,0.3862099477141708,0.0452205389462394,y_mom,0.3862099477141708,still_ambiguous,middle_band_or_conflicting_evidence,demote_unlikely,demote_low_score_weak_bundle_weak_recent_windows,True,True,0.10119584588784625,0.0483870967741936,0.5
FRED_Exogenous,SP500_30d_return_lag_1m,ambiguous,,sa_first_y_mom,False,False,0,1,sa_revised_y_mom,0.0121490590005592,0.0720420013695982,0.2003603017947656,0.004051744648635,0.5088071348940915,0.8518622411990469,672,SP500_30d_return,raw,none,lag_1m,lag_1m,80,4,11,65,False,True,-0.1001139237375558,0.0081849087982372,60,120,0.5345982142857143,0.5297552836484983,60,120,0.1001139237375558,0.0088071348940914,0.0345982142857143,0.0720420013695982,0.05,False,True,0.3568843008446172,0.345832763103873,0.4237833489743934,0.1041024265987397,0.2009984954178635,0.5579836439200965,0.396396072261312,0.2287922941497044,y_mom,0.396396072261312,still_ambiguous,middle_band_or_conflicting_evidence,demote_unlikely,demote_low_score_weak_bundle_weak_recent_windows,True,True,0.10119584588784625,0.0483870967741936,0.5
FRED_Employment_SA,total.private.services.professional_business.admin_waste.waste_management_symlog_diff_lag_1m,ambiguous,,sa_first_y_mom,False,False,0,1,sa_first_y_mom,0.0022497893250388,0.1003948245815295,0.2258321347034457,0.0114541063236448,0.5351731601731602,0.7094908285136872,431,total.private.services.professional_business.admin_waste.waste_management,symlog_diff,none,lag_1m,symlog_diff -> lag_1m,135,11,31,93,False,True,0.0645734926368435,0.0416975572834878,60,120,0.5105672969966629,0.4738598442714127,60,120,0.0645734926368435,0.0351731601731601,0.0261401557285873,0.1003948245815295,0.0814814814814814,False,True,0.5022120927738303,0.1740796496510195,0.4047459444965813,0.3967690038879206,0.1215975926685815,0.650221209277383,0.3978725080253967,0.3511494510390444,y_mom,0.3978725080253967,still_ambiguous,middle_band_or_conflicting_evidence,demote_unlikely,demote_low_score_weak_bundle_weak_recent_windows,True,True,0.10119584588784625,0.0483870967741936,0.5
FRED_Employment_SA,total.private.goods.mining_logging.logging_lag_3m,ambiguous,,sa_revised_y_mom,False,False,0,1,sa_first_y_mom,0.0007076416267502,0.0552633764619725,0.5175640363116367,0.0106485795571357,0.5347252747252748,0.6277982771149352,673,total.private.goods.mining_logging.logging,raw,none,lag_3m,lag_3m,135,8,12,115,False,True,-0.0360232785957031,-0.056542387500136,60,120,0.4610678531701891,0.5254449388209121,60,120,0.056542387500136,0.0347252747252747,0.0389321468298108,0.0552633764619725,0.0592592592592592,False,True,0.2641104705724628,0.1373340632270425,0.2612950797694061,0.3911382222818072,0.2466146901928601,0.6821289717120258,0.2491756498409544,0.3987531359367194,acceleration,0.3987531359367194,still_ambiguous,middle_band_or_conflicting_evidence,demote_unlikely,demote_low_score_weak_bundle_weak_recent_windows,True,True,0.10119584588784625,0.0483870967741936,0.5
FRED_Employment_SA,total.private.services.financial.finance_insurance.insurance_symlog_diff_lag_3m,ambiguous,,sa_first_y_mom,False,False,0,1,sa_revised_y_mom,0.0014930856846847,0.0271634633115663,0.8170125999262312,-0.0014605383234669,0.5643939393939394,0.9994749754048412,429,total.private.services.financial.finance_insurance.insurance,symlog_diff,none,lag_3m,symlog_diff -> lag_3m,135,7,29,99,False,True,0.0472644419310525,0.0039379238766232,60,120,0.4816462736373749,0.4638487208008899,60,120,0.0472644419310525,0.0643939393939394,0.0361512791991101,0.0271634633115663,0.0518518518518518,False,True,0.115967287840193,0.0973039551115368,0.1201233409304196,0.6520311033650623,0.2172069484338668,0.1470706529025338,0.1402663320032087,0.3988505590466382,acceleration,0.3988505590466382,still_ambiguous,middle_band_or_conflicting_evidence,demote_unlikely,demote_low_score_weak_bundle_weak_recent_windows,True,True,0.10119584588784625,0.0483870967741936,0.5
FRED_Employment_SA,total.private.services.trade_transportation_utilities.retail.sporting_goods_diff_zscore_12m_lag_3m,ambiguous,,,False,True,0,1,sa_first_y_mom,0.0016962017567743,0.0756955582871652,0.4623466447836418,-0.0215543602569932,0.5260243632336655,0.1428688901840953,424,total.private.services.trade_transportation_utilities.retail.sporting_goods,diff,zscore_12m,lag_3m,diff -> zscore_12m -> lag_3m,135,12,45,78,False,True,-0.0241178105029174,-0.0053198415854682,60,120,0.5383759733036707,0.5011123470522802,60,120,0.0241178105029174,0.0260243632336655,0.0383759733036707,0.0756955582871652,0.0888888888888888,False,True,0.378468963668052,0.0296975502942384,0.2915940474594449,0.2934709746614827,0.2410750923266311,0.9196943289985252,0.2690239857454958,0.4003770867116932,acceleration,0.4003770867116932,still_ambiguous,middle_band_or_conflicting_evidence,demote_unlikely,demote_low_score_weak_bundle_weak_recent_windows,True,True,0.10119584588784625,0.0483870967741936,0.5
FRED_Employment_SA,total.private.goods.mining_logging.mining.oil_gas_chg_3m_lag_3m,ambiguous,,"sa_first_y_mom,sa_revised_y_mom",False,False,0,2,sa_revised_y_mom,0.0248222999404248,0.093317946969698,0.0733185776723416,0.0079989349632471,0.5039778206364512,0.8447692945819326,643,total.private.goods.mining_logging.mining.oil_gas,chg_3m,none,lag_3m,chg_3m -> lag_3m,135,11,25,99,False,True,-0.0001111867866035,-0.0377462688140335,60,120,0.4838709677419355,0.4847052280311457,60,120,0.0377462688140335,0.0039778206364512,0.0161290322580645,0.093317946969698,0.0814814814814814,False,True,0.4633328864459042,0.0644587381962501,0.5767529159404746,0.0459847164499262,0.0480098481739844,0.5654243196138893,0.4064109404574394,0.1505814331861392,y_mom,0.4064109404574394,still_ambiguous,middle_band_or_conflicting_evidence,demote_unlikely,demote_low_score_weak_bundle_weak_recent_windows,True,True,0.10119584588784625,0.0483870967741936,0.5
FRED_Exogenous,Credit_Spreads_acceleration_chg_6m_lag_12m,ambiguous,,,False,True,0,1,sa_revised_y_mom,0.0015869534892763,0.0285972882878098,0.8354739164020534,0.0350058879670278,0.5502304147465438,0.287836134241194,332,Credit_Spreads_acceleration,chg_6m,none,lag_12m,chg_6m -> lag_12m,55,5,25,25,False,True,,,16,16,,,18,18,,0.0502304147465437,,0.0285972882878098,0.0909090909090909,False,True,0.1228046655047593,,0.1108727711489475,0.5353264512669259,,0.8284622603566162,0.1074366537069312,0.4065893551414399,acceleration,0.4065893551414399,still_ambiguous,middle_band_or_conflicting_evidence,demote_unlikely,demote_low_score_weak_bundle_weak_recent_windows,True,True,0.10119584588784625,0.0483870967741936,0.5
FRED_Exogenous,SP500_consecutive_down_days_diff_zscore_3m_lag_12m,ambiguous,,,False,True,0,1,sa_first_y_mom,-0.0026615585457165,0.0360004919961204,0.7441745130032534,-0.0338835826683574,0.5317460317460316,0.13821733787116,660,SP500_consecutive_down_days,diff,zscore_3m,lag_12m,diff -> zscore_3m -> lag_12m,80,0,6,74,False,False,0.0172832988465836,0.0860052437674853,60,120,0.4536830357142857,0.4737208008898776,60,120,0.0860052437674853,0.0317460317460316,0.0463169642857142,0.0360004919961204,0.0,False,True,0.1619520042901193,0.2734364308197619,0.1543772623676096,0.3576216651025606,0.328135685952674,0.9231800509451668,0.2294566051909922,0.4604132495686216,acceleration,0.4104132495686216,still_ambiguous,middle_band_or_conflicting_evidence,demote_unlikely,demote_low_score_weak_bundle_weak_recent_windows,True,True,0.10119584588784625,0.0483870967741936,0.5
FRED_Exogenous,VIX_30d_spike_zscore_12m_lag_1m,ambiguous,,sa_first_y_mom,False,False,0,1,sa_first_y_mom,-0.0037788375833835,0.1024012079033807,0.2120373466297829,-0.0009887990747068,0.5340909090909091,0.9994749754048412,428,VIX_30d_spike,raw,zscore_12m,lag_1m,zscore_12m -> lag_1m,80,6,10,64,False,True,0.0644623506529591,-0.0208765584933651,60,120,0.5479910714285714,0.4938820912124583,60,120,0.0644623506529591,0.034090909090909,0.0479910714285714,0.1024012079033807,0.075,False,True,0.5268802788577557,0.1729848090871766,0.4143316798498458,0.3855744737900523,0.3428395568321707,0.1470706529025338,0.4105071446364711,0.32291648867729,y_mom,0.4105071446364711,still_ambiguous,middle_band_or_conflicting_evidence,demote_unlikely,demote_low_score_weak_bundle_weak_recent_windows,True,True,0.10119584588784625,0.0483870967741936,0.5
FRED_Employment_SA,total.private.goods.manufacturing.nondurable.petroleum_coal_symlog_chg_3m,ambiguous,,sa_first_y_mom,False,False,0,1,sa_revised_y_mom,0.0099032362928346,0.0979787725847172,0.1484845618394047,-0.0499326019315855,0.5246212121212122,0.9639152334173764,430,total.private.goods.manufacturing.nondurable.petroleum_coal,symlog_chg_3m,none,none,symlog_chg_3m,135,8,25,102,False,True,-0.0713898655347163,0.062696752124974,60,120,0.5077864293659622,0.5088987764182424,60,120,0.0713898655347163,0.0246212121212121,0.0088987764182424,0.0979787725847172,0.0592592592592592,False,True,0.4874648076149618,0.2052826057205419,0.4631988202171873,0.2795280868749162,0.0132676788401039,0.4149349778790723,0.4138478394723599,0.2134183222635631,y_mom,0.4138478394723599,still_ambiguous,middle_band_or_conflicting_evidence,demote_unlikely,demote_low_score_weak_bundle_weak_recent_windows,True,True,0.10119584588784625,0.0483870967741936,0.5
FRED_Exogenous,Credit_Spreads_acceleration_diff_zscore_12m,ambiguous,,nsa_revised_y_mom,False,False,0,1,nsa_revised_y_mom,0.0212921537298744,0.09604492834175,0.1411038249201009,-0.0268831297314435,0.5621848739495798,0.6735121470322551,344,Credit_Spreads_acceleration,diff,zscore_12m,none,diff -> zscore_12m,55,5,25,25,False,True,,,28,28,,,30,30,,0.0621848739495798,,0.09604492834175,0.0909090909090909,False,True,0.4767395093176029,,0.4719131250837913,0.635406891004156,,0.6658399249229119,0.3389154042096796,0.4191010859364526,acceleration,0.4191010859364526,still_ambiguous,middle_band_or_conflicting_evidence,demote_unlikely,demote_low_score_weak_bundle_weak_recent_windows,True,True,0.10119584588784625,0.0483870967741936,0.5
FRED_Employment_SA,total.private.services.trade_transportation_utilities.retail.gasoline_chg_3m_lag_12m,ambiguous,,sa_first_y_mom,False,False,0,1,sa_revised_y_mom,0.0020435263301852,0.0371802405284801,0.7272480865484325,0.0052215870894805,0.5442176870748299,0.888625628175653,418,total.private.services.trade_transportation_utilities.retail.gasoline,chg_3m,none,lag_12m,chg_3m -> lag_12m,135,11,38,86,False,True,-0.0069610404153524,-0.0719740246423125,60,120,0.5,0.4580088987764182,60,120,0.0719740246423125,0.0442176870748298,0.0419911012235817,0.0371802405284801,0.0814814814814814,False,True,0.1671805872100817,0.2073354317777473,0.1624882692049872,0.4849845823836975,0.2847079742853234,0.5209813647942083,0.2102963192077458,0.4220871260313688,acceleration,0.4220871260313688,still_ambiguous,middle_band_or_conflicting_evidence,demote_unlikely,demote_low_score_weak_bundle_weak_recent_windows,True,True,0.10119584588784625,0.0483870967741936,0.5
FRED_Employment_SA,total.government.state.education_diff_lag_12m,ambiguous,,,False,True,0,1,sa_revised_y_mom,0.0032621557981823,0.046023627538761,0.5071262606055613,0.0291603473019603,0.5472527472527473,0.3291318485321205,673,total.government.state.education,diff,none,lag_12m,diff -> lag_12m,135,0,17,118,False,False,0.0141432104308675,-0.0171115436536184,60,120,0.4616240266963292,0.471635150166852,60,120,0.0171115436536184,0.0472527472527473,0.0383759733036707,0.046023627538761,0.0,False,True,0.2147740984046118,0.0162857533871629,0.267529159404746,0.5117307950127363,0.2426480645602516,0.8041292398444831,0.1858541898485315,0.476031528320716,acceleration,0.426031528320716,still_ambiguous,middle_band_or_conflicting_evidence,demote_unlikely,demote_low_score_weak_bundle_weak_recent_windows,True,True,0.10119584588784625,0.0483870967741936,0.5
FRED_Employment_SA,total.private.services.trade_transportation_utilities.transportation_warehousing.pipeline_pct_chg_zscore_12m_lag_6m,ambiguous,,,False,True,0,1,sa_first_y_mom,-0.0001193937373182,0.0109405350106465,0.9799407213804956,0.0180511455884238,0.544360902255639,0.4883471337663352,367,total.private.services.trade_transportation_utilities.transportation_warehousing.pipeline,pct_chg,zscore_12m,lag_6m,pct_chg -> zscore_12m -> lag_6m,135,0,33,102,False,False,-0.038010558488469,-0.0447048038402602,60,120,0.4545454545454545,0.4631021999443052,60,120,0.0447048038402602,0.044360902255639,0.0454545454545454,0.0109405350106465,0.0,False,True,0.0414264646735487,0.0860818393321472,0.0245341198552084,0.4873307413862448,0.3188346327451785,0.7271752245609331,0.0836773768403901,0.4763259999968092,acceleration,0.4263259999968092,still_ambiguous,middle_band_or_conflicting_evidence,demote_unlikely,demote_low_score_weak_bundle_weak_recent_windows,True,True,0.10119584588784625,0.0483870967741936,0.5
FRED_Employment_SA,total.private.services.trade_transportation_utilities.transportation_warehousing.transit_diff_lag_6m,ambiguous,,,False,True,0,1,sa_revised_y_mom,0.0069469465592829,0.0625285686933275,0.4594559257382096,0.0215901657367864,0.544296788482835,0.2984102852487653,426,total.private.services.trade_transportation_utilities.transportation_warehousing.transit,diff,none,lag_6m,diff -> lag_6m,135,8,40,87,False,True,-0.0364869184301605,-0.1008395190469092,60,120,0.4994438264738599,0.4734427141268075,60,120,0.1008395190469092,0.044296788482835,0.0265572858731924,0.0625285686933275,0.0592592592592592,False,True,0.3023193457568038,0.3489804297249213,0.2930687759753317,0.4867944764713768,0.1257693885925318,0.8208204853197479,0.3468006111893505,0.4272408974834553,acceleration,0.4272408974834553,still_ambiguous,middle_band_or_conflicting_evidence,demote_unlikely,demote_low_score_weak_bundle_weak_recent_windows,True,True,0.10119584588784625,0.0483870967741936,0.5
FRED_Exogenous,Credit_Spreads_acceleration_chg_12m_lag_12m,ambiguous,,,False,True,0,1,sa_revised_y_mom,0.0018801233141858,0.0302046321577358,0.8250846197941957,0.0165094606048628,0.5607210626185959,0.4521804099394232,326,Credit_Spreads_acceleration,chg_12m,none,lag_12m,chg_12m -> lag_12m,55,5,25,25,False,True,,,10,10,,,12,12,,0.0607210626185958,,0.0302046321577358,0.0909090909090909,False,True,0.1295079769406086,,0.1165705858694194,0.6234079635339858,,0.7376994235152166,0.1115927067971578,0.4280734682933369,acceleration,0.4280734682933369,still_ambiguous,middle_band_or_conflicting_evidence,demote_unlikely,demote_low_score_weak_bundle_weak_recent_windows,True,True,0.10119584588784625,0.0483870967741936,0.5
FRED_Employment_SA,total.private.services.trade_transportation_utilities.transportation_warehousing.transit_pct_chg_rolling_std_6m_lag_12m,ambiguous,,sa_revised_y_mom,False,False,0,1,sa_revised_y_mom,0.0236114931659422,0.1070820772328568,0.1079407032362429,-0.0001821357598188,0.5447845804988662,0.9994749754048412,418,total.private.services.trade_transportation_utilities.transportation_warehousing.transit,pct_chg,rolling_std_6m,lag_12m,pct_chg -> rolling_std_6m -> lag_12m,135,8,40,87,False,True,-0.0484036789205723,-0.0435324635955461,60,120,0.4894327030033371,0.4674638487208009,60,120,0.0484036789205723,0.0447845804988662,0.0325361512791991,0.1070820772328568,0.0592592592592592,False,True,0.5814452339455691,0.103051868071712,0.5168253117039818,0.4903472315323769,0.180549856380796,0.1470706529025338,0.4310835714414017,0.313262834503355,y_mom,0.4310835714414017,still_ambiguous,middle_band_or_conflicting_evidence,demote_unlikely,demote_low_score_weak_bundle_weak_recent_windows,True,True,0.10119584588784625,0.0483870967741936,0.5
FRED_Exogenous,Credit_Spreads_acceleration_diff_zscore_3m,ambiguous,,nsa_revised_y_mom,False,False,0,1,nsa_revised_y_mom,0.0262440456653799,0.0989909085382631,0.1244881061042124,-0.0009113172580086,0.590204081632653,0.99086669594038,348,Credit_Spreads_acceleration,diff,zscore_3m,none,diff -> zscore_3m,55,5,25,25,False,True,,,32,32,,,34,34,,0.090204081632653,,0.0989909085382631,0.0909090909090909,False,True,0.4933637216785091,,0.4912186620190374,0.8089556240782947,,0.3438798766590696,0.3502574071591366,0.4328060061670465,acceleration,0.4328060061670465,still_ambiguous,middle_band_or_conflicting_evidence,demote_unlikely,demote_low_score_weak_bundle_weak_recent_windows,True,True,0.10119584588784625,0.0483870967741936,0.5
FRED_Exogenous,VIX_monthly_max_5d_spike_chg_6m_lag_1m,ambiguous,,sa_first_y_mom,False,False,0,1,nsa_revised_y_mom,0.0017867452225425,0.0364320230898381,0.6019123464903279,-0.0015367908730568,0.5625692137320044,0.938885997697302,427,VIX_monthly_max_5d_spike,chg_6m,none,lag_1m,chg_6m -> lag_1m,80,2,22,56,False,True,0.0783550986385107,-0.0121085007787195,60,120,0.5033482142857143,0.5308676307007787,60,120,0.0783550986385107,0.0625692137320044,0.0308676307007786,0.0364320230898381,0.025,False,True,0.1638289314921571,0.2388805255234706,0.2193323501809894,0.6379541493497788,0.1652988647243879,0.4530097868346964,0.2311976731408833,0.4355359272278755,acceleration,0.4355359272278755,still_ambiguous,middle_band_or_conflicting_evidence,demote_unlikely,demote_low_score_weak_bundle_weak_recent_windows,True,True,0.10119584588784625,0.0483870967741936,0.5
FRED_Exogenous,Credit_Spreads_acceleration_chg_3m,ambiguous,,sa_first_y_mom,False,False,0,1,sa_first_y_mom,0.0271998184695722,0.1193031021393808,0.1758430301748369,-0.0064936499666048,0.5659663865546218,0.9188516419933432,347,Credit_Spreads_acceleration,chg_3m,none,none,chg_3m,55,5,25,25,False,True,,,31,31,,,33,33,,0.0659663865546218,,0.1193031021393808,0.0909090909090909,False,True,0.7073334227108191,,0.4403405282209411,0.6626893685480627,,0.4869955758144523,0.4363681458640569,0.3956093310095186,y_mom,0.4363681458640569,still_ambiguous,middle_band_or_conflicting_evidence,demote_unlikely,demote_low_score_weak_bundle_weak_recent_windows,True,True,0.10119584588784625,0.0483870967741936,0.5
FRED_Employment_SA,total.government.state_diff_lag_12m,ambiguous,,,False,True,0,1,sa_revised_y_mom,0.0027061114355294,0.0495707430825812,0.4611940514742641,0.0318365499215735,0.5306593406593407,0.2302129119969755,673,total.government.state,diff,none,lag_12m,diff -> lag_12m,135,2,22,111,False,True,0.0227099011637699,-0.031121249159537,60,120,0.4555061179087876,0.4801167964404894,60,120,0.031121249159537,0.0306593406593407,0.0444938820912124,0.0495707430825812,0.0148148148148148,False,True,0.2318005094516691,0.0446147529765977,0.2922643786030299,0.3472985654913527,0.3089864587607714,0.863520579166108,0.2083782685156663,0.4371337308706003,acceleration,0.4371337308706003,still_ambiguous,middle_band_or_conflicting_evidence,demote_unlikely,demote_low_score_weak_bundle_weak_recent_windows,True,True,0.10119584588784625,0.0483870967741936,0.5
FRED_Exogenous,VIX_max_5d_spike_chg_6m_lag_1m,ambiguous,,sa_first_y_mom,False,False,0,1,nsa_revised_y_mom,0.0012133524249564,0.0336449523915545,0.6343314760661117,-0.0063445783609263,0.5647840531561461,0.9617455598399915,427,VIX_max_5d_spike,chg_6m,none,lag_1m,chg_6m -> lag_1m,80,1,22,57,False,True,0.0988052236732425,-0.0072887132591144,60,120,0.5033482142857143,0.5325361512791991,60,120,0.0988052236732425,0.0647840531561461,0.032536151279199,0.0336449523915545,0.0125,False,True,0.1462662555302319,0.3391952921855755,0.2057916610805737,0.6545113285963265,0.1798659554096567,0.4184206998257139,0.2556964994696705,0.4411673222268695,acceleration,0.4411673222268695,still_ambiguous,middle_band_or_conflicting_evidence,demote_unlikely,demote_low_score_weak_bundle_weak_recent_windows,True,True,0.10119584588784625,0.0483870967741936,0.5
FRED_Exogenous,Credit_Spreads_acceleration_chg_3m_lag_6m,ambiguous,,"nsa_first_y_mom,nsa_revised_y_mom",False,False,0,2,sa_first_y_mom,0.0100283587620901,0.0804603142636637,0.4937681492205503,0.0068580123718769,0.5818181818181818,0.9047944016791484,341,Credit_Spreads_acceleration,chg_3m,none,lag_6m,chg_3m -> lag_6m,55,5,25,25,False,True,,,25,25,,,27,27,,0.0818181818181817,,0.0804603142636637,0.0909090909090909,False,True,0.4021986861509585,,0.2738973052688027,0.7666577289180855,,0.5023461590025473,0.2957688698216919,0.4454652098136479,acceleration,0.4454652098136479,still_ambiguous,middle_band_or_conflicting_evidence,demote_unlikely,demote_low_score_weak_bundle_weak_recent_windows,True,True,0.10119584588784625,0.0483870967741936,0.5
FRED_Employment_SA,total.private.services.other_pct_chg_rolling_std_6m_lag_3m,ambiguous,,sa_revised_y_mom,False,False,0,1,sa_revised_y_mom,0.0206441582137119,0.0900358002467035,0.0786203745913327,0.0001391855737188,0.5105494505494506,0.9994749754048412,673,total.private.services.other,pct_chg,rolling_std_6m,lag_3m,pct_chg -> rolling_std_6m -> lag_3m,135,6,24,105,False,True,-0.0284531384699575,0.0888602593288473,60,120,0.4983314794215794,0.5111234705228032,60,120,0.0888602593288473,0.0105494505494505,0.0111234705228031,0.0900358002467035,0.0444444444444444,False,True,0.4472449389998659,0.290132749418366,0.5645528891272289,0.1225365330473253,0.0225687320475995,0.1470706529025338,0.4457172626718135,0.092454626668463,y_mom,0.4457172626718135,still_ambiguous,middle_band_or_conflicting_evidence,demote_unlikely,demote_low_score_weak_bundle_weak_recent_windows,True,True,0.10119584588784625,0.0483870967741936,0.5
FRED_Exogenous,VIX_max_5d_spike_chg_12m_lag_6m,ambiguous,,sa_first_y_mom,False,False,0,1,sa_revised_y_mom,0.0071248221978825,0.0675316132303988,0.415677792747672,0.0005339560732233,0.5644599303135889,0.9753996535642124,416,VIX_max_5d_spike,chg_12m,none,lag_6m,chg_12m -> lag_6m,80,1,22,57,False,True,-0.034788407582409,0.0997433752277338,60,120,0.5167410714285714,0.5361512791991102,60,120,0.0997433752277338,0.0644599303135888,0.0361512791991102,0.0675316132303988,0.0125,False,True,0.3312776511596729,0.344327357328589,0.3138490414264646,0.6529025338517227,0.2199425523184243,0.3849711757608258,0.3623593263721518,0.4477802686968889,acceleration,0.4477802686968889,still_ambiguous,middle_band_or_conflicting_evidence,demote_unlikely,demote_low_score_weak_bundle_weak_recent_windows,True,True,0.10119584588784625,0.0483870967741936,0.5
FRED_Employment_SA,total.private.services.trade_transportation_utilities.transportation_warehousing.scenic_pct_chg_rolling_mean_3m_lag_3m,ambiguous,,sa_revised_y_mom,False,False,0,1,sa_revised_y_mom,0.0022811501620162,0.1020539287044819,0.1273014533221807,0.0001722200427261,0.5210409745293466,0.9753996535642124,427,total.private.services.trade_transportation_utilities.transportation_warehousing.scenic,pct_chg,rolling_mean_3m,lag_3m,pct_chg -> rolling_mean_3m -> lag_3m,135,2,17,116,False,True,0.0798577343385332,-0.0281523358622441,60,120,0.4905450500556173,0.4802558398220244,60,120,0.0798577343385332,0.0210409745293466,0.0197441601779755,0.1020539287044819,0.0148148148148148,False,True,0.5221879608526612,0.2455179964417681,0.4875988738436787,0.2434642713500469,0.0766652988647243,0.3849711757608258,0.4484356559070521,0.2133860118623398,y_mom,0.4484356559070521,still_ambiguous,middle_band_or_conflicting_evidence,demote_unlikely,demote_low_score_weak_bundle_weak_recent_windows,True,True,0.10119584588784625,0.0483870967741936,0.5
FRED_Employment_SA,total.government.local.education_diff_zscore_3m_lag_12m,ambiguous,,,False,True,0,1,sa_revised_y_mom,0.0032874276567061,0.0879897818749322,0.0883487948401756,-0.019105217296709,0.5008791208791209,0.0041834344561029,673,total.government.local.education,diff,zscore_3m,lag_12m,diff -> zscore_3m -> lag_12m,135,3,36,96,False,True,-0.0149490122039425,-0.095923519615489,60,120,0.510567296996663,0.4721913236929922,60,120,0.095923519615489,0.0008791208791208,0.0278086763070077,0.0879897818749322,0.0222222222222222,False,True,0.4378603029896769,0.3240728068974955,0.5468561469365867,0.0108593645260758,0.1343865408288879,0.999329668856415,0.4498338481467954,0.2517879370981279,y_mom,0.4498338481467954,still_ambiguous,middle_band_or_conflicting_evidence,demote_unlikely,demote_low_score_weak_bundle_weak_recent_windows,True,True,0.10119584588784625,0.0483870967741936,0.5
FRED_Exogenous,Oil_Prices_30d_crash_diff_zscore_3m_lag_12m,ambiguous,,nsa_revised_y_mom,False,False,0,1,nsa_revised_y_mom,0.0147851340479796,0.1105390983469978,0.0367245774924764,0.0005029495851569,0.5144927536231884,0.9994749754048412,468,Oil_Prices_30d_crash,diff,zscore_3m,lag_12m,diff -> zscore_3m -> lag_12m,80,7,22,51,False,True,0.0190608502361767,-0.0249358027221063,60,120,0.4955357142857143,0.4674638487208008,60,120,0.0249358027221063,0.0144927536231883,0.0325361512791991,0.1105390983469978,0.0875,False,True,0.6189837779863252,0.0314766662104831,0.6815927067971578,0.1675157527818742,0.1807550266721379,0.1470706529025338,0.4558780746269469,0.1680604786675984,y_mom,0.4558780746269469,still_ambiguous,middle_band_or_conflicting_evidence,demote_unlikely,demote_low_score_weak_bundle_weak_recent_windows,True,True,0.10119584588784625,0.0483870967741936,0.5
FRED_Employment_SA,total.private.services.other_pct_chg_rolling_std_6m_lag_6m,ambiguous,,sa_revised_y_mom,False,False,0,1,sa_revised_y_mom,0.0239887899371241,0.1001865096578103,0.0417123383954211,-0.0002315491139648,0.5232967032967033,0.9994749754048412,673,total.private.services.other,pct_chg,rolling_std_6m,lag_6m,pct_chg -> rolling_std_6m -> lag_6m,135,6,24,105,False,True,-0.0703826169378931,0.0390250339730972,60,120,0.4783092324805339,0.5061179087875417,60,120,0.0703826169378931,0.0232967032967033,0.021690767519466,0.1001865096578103,0.0444444444444444,False,True,0.4997989006569245,0.2006295333242096,0.6614827724896098,0.2692049872637083,0.0889755163452332,0.1470706529025338,0.4574263964570114,0.1816978055700071,y_mom,0.4574263964570114,still_ambiguous,middle_band_or_conflicting_evidence,demote_unlikely,demote_low_score_weak_bundle_weak_recent_windows,True,True,0.10119584588784625,0.0483870967741936,0.5
FRED_Employment_SA,total.private.services.trade_transportation_utilities.transportation_warehousing.transit_symlog_diff_zscore_12m_lag_6m,ambiguous,,,False,True,0,1,sa_revised_y_mom,0.0086600493422926,0.070650753579596,0.3796105984104577,0.028359620006106,0.5481859410430838,0.2102270308429541,421,total.private.services.trade_transportation_utilities.transportation_warehousing.transit,symlog_diff,zscore_12m,lag_6m,symlog_diff -> zscore_12m -> lag_6m,135,8,40,87,False,True,-0.0291477951708842,-0.094235837954079,60,120,0.5116796440489433,0.4699666295884316,60,120,0.094235837954079,0.0481859410430838,0.0300333704115683,0.070650753579596,0.0592592592592592,False,True,0.3484381284354471,0.3168194881620364,0.3323501809894087,0.5205791661080574,0.1561345917111202,0.8750502748357689,0.3641540148505457,0.4639177868146718,acceleration,0.4639177868146718,still_ambiguous,middle_band_or_conflicting_evidence,demote_unlikely,demote_low_score_weak_bundle_weak_recent_windows,True,True,0.10119584588784625,0.0483870967741936,0.5
FRED_Employment_SA,total.private.goods.mining_logging.mining_symlog_chg_3m_lag_1m,ambiguous,,,False,True,0,1,sa_first_y_mom,-0.0015227493683243,0.0219460211018282,0.8853287412134042,0.0166053849985409,0.5474725274725275,0.1420503891224914,673,total.private.goods.mining_logging.mining,symlog_chg_3m,none,lag_1m,symlog_chg_3m -> lag_1m,135,4,35,96,False,True,0.0791330925257016,-0.022973937290769,60,120,0.5228031145717464,0.4710789766407118,60,120,0.0791330925257016,0.0474725274725275,0.0289210233592881,0.0219460211018282,0.0296296296296296,False,True,0.0891540420967958,0.2423703298207198,0.0854001876927201,0.5132725566429817,0.1455341266584598,0.9204316932564688,0.1720289719193541,0.4659959334710964,acceleration,0.4659959334710964,still_ambiguous,middle_band_or_conflicting_evidence,demote_unlikely,demote_low_score_weak_bundle_weak_recent_windows,True,True,0.10119584588784625,0.0483870967741936,0.5
NOAA,NOAA_Economic_Damage_Index_pct_chg_rolling_std_6m_lag_3m,ambiguous,,nsa_revised_y_mom,False,False,0,1,nsa_revised_y_mom,0.001521179684493,0.1012901657150718,0.0204155441004508,-0.0003760176339504,0.529185520361991,0.9994749754048412,667,NOAA_Economic_Damage_Index,pct_chg,rolling_std_6m,lag_3m,pct_chg -> rolling_std_6m -> lag_3m,12,1,1,10,False,True,0.0021116976938038,0.0613133920991827,60,120,0.5011111111111111,0.487079744373437,60,120,0.0613133920991827,0.0291855203619909,0.0129202556265629,0.1012901657150718,0.0833333333333333,False,True,0.5134736559860571,0.1582044614752976,0.7624346427135005,0.329802922643786,0.0294077417589932,0.1470706529025338,0.4689216352527799,0.1881181553858581,y_mom,0.4689216352527799,still_ambiguous,middle_band_or_conflicting_evidence,demote_unlikely,demote_low_score_weak_bundle_weak_recent_windows,True,True,0.10119584588784625,0.0483870967741936,0.5
FRED_Employment_SA,total.private.services.financial.finance_insurance.insurance_pct_chg_rolling_mean_3m_lag_1m,ambiguous,,sa_first_y_mom,False,False,0,1,sa_first_y_mom,-0.001711149951457,0.1190774125600477,0.1095439342666245,0.0094897624523293,0.5340909090909092,0.7439250241034147,430,total.private.services.financial.finance_insurance.insurance,pct_chg,rolling_mean_3m,lag_1m,pct_chg -> rolling_mean_3m -> lag_1m,135,7,29,99,False,True,0.036121144762434,-0.0340997678650774,60,120,0.4972191323692992,0.4760845383759733,60,120,0.036121144762434,0.0340909090909091,0.0239154616240266,0.1190774125600477,0.0518518518518518,False,True,0.7051883630513474,0.0584371150951142,0.5136077222147741,0.3860437055905617,0.1039529476131856,0.6305134736559861,0.4705092980993511,0.3362058939115649,y_mom,0.4705092980993511,still_ambiguous,middle_band_or_conflicting_evidence,demote_unlikely,demote_low_score_weak_bundle_weak_recent_windows,True,True,0.10119584588784625,0.0483870967741936,0.5
FRED_Employment_SA,total.private.goods.mining_logging.mining.support_symlog_chg_3m_lag_1m,ambiguous,,,False,True,0,1,sa_first_y_mom,-0.0016821107465228,0.0744164727697537,0.4694657626341992,0.0206967128915789,0.5503246753246753,0.4564914838677216,429,total.private.goods.mining_logging.mining.support,symlog_chg_3m,none,lag_1m,symlog_chg_3m -> lag_1m,135,5,44,86,False,True,0.0259516532370102,-0.0377042036129339,60,120,0.5150166852057843,0.4616240266963293,60,120,0.0377042036129339,0.0503246753246753,0.0383759733036707,0.0744164727697537,0.037037037037037,False,True,0.3706931224024668,0.0639113179143287,0.2873039281405014,0.5359297492961523,0.2410750923266311,0.7364928274567637,0.2766416519792254,0.4728432349889422,acceleration,0.4728432349889422,still_ambiguous,middle_band_or_conflicting_evidence,demote_unlikely,demote_low_score_weak_bundle_weak_recent_windows,True,True,0.10119584588784625,0.0483870967741936,0.5
FRED_Employment_SA,total.private.services.leisure_hospitality.arts.museums_diff_zscore_3m,ambiguous,,,False,True,0,1,sa_first_y_mom,-0.0008265927419137,0.0411952614833308,0.7742275719667382,0.0150512668017643,0.547077922077922,0.3932547966542983,431,total.private.services.leisure_hospitality.arts.museums,diff,zscore_3m,none,diff -> zscore_3m,135,10,31,94,False,True,0.0659071964434565,0.0405794182557327,60,120,0.5417130144605117,0.5105672969966629,60,120,0.0659071964434565,0.047077922077922,0.0417130144605116,0.0411952614833308,0.074074074074074,False,True,0.1901059123206864,0.1813329683864787,0.1398310765518166,0.510189033382491,0.2810149090411708,0.7637753050006704,0.2069804147899397,0.4806953441866648,acceleration,0.4806953441866648,still_ambiguous,middle_band_or_conflicting_evidence,demote_unlikely,demote_low_score_weak_bundle_weak_recent_windows,True,True,0.10119584588784625,0.0483870967741936,0.5
FRED_Employment_SA,total.government.local.education_symlog_diff_zscore_12m_lag_12m,ambiguous,,,False,True,0,1,sa_revised_y_mom,0.0004346046350091,0.0607244346340197,0.3203560021949271,0.0121563845670032,0.536923076923077,0.0074273245928652,673,total.government.local.education,symlog_diff,zscore_12m,lag_12m,symlog_diff -> zscore_12m -> lag_12m,135,3,36,96,False,True,0.0427352802410105,-0.0607773753868258,60,120,0.5194660734149055,0.4538375973303671,60,120,0.0607773753868258,0.0369230769230769,0.0461624026696328,0.0607244346340197,0.0222222222222222,False,True,0.2915940474594449,0.1562884904885726,0.3574205657594852,0.4114492559324306,0.3250581315825468,0.9981230727979622,0.2874024061796477,0.4985471257830776,acceleration,0.4985471257830776,still_ambiguous,middle_band_or_conflicting_evidence,demote_unlikely,demote_low_score_weak_bundle_weak_recent_windows,True,True,0.10119584588784625,0.0483870967741936,0.5
