feature,importance_gain,lgbm_rank,mutual_info,mi_rank,target_corr,corr_rank,avg_rank
nfp_nsa_mom_lag12,1660534723.696289,1,1.0077319289673046,1,0.4687446493605761,12,4.666666666666667
is_jan,447454123.40625,2,0.28312999111975934,42,0.590868152921041,3,15.666666666666666
is_july,40631531.0,11,0.24833902313572764,58,0.24518665692739086,45,38.0
emp_sa_government_local_excluding_education_nsa_3m_chg,8540578.80078125,67,0.38196989296147477,19,0.29213762651237246,29,38.333333333333336
emp_sa_private_services_education_health_education_nsa_mom,14422184.0,39,0.28238184539139066,43,0.23325444741258286,50,44.0
emp_sa_private_services_trade_transportation_utilities_utilities_nsa_latest,89058055.5,4,0.16181086464033134,90,0.23812344084839612,47,47.0
nfp_nsa_acceleration,24331417.090820312,27,0.43653675264788516,12,0.16478536948175407,141,60.0
emp_sa_private_goods_construction_heavy_civil_nsa_latest,3983151.701171875,83,0.3712451231836811,22,0.20548932716921472,79,61.333333333333336
nfp_nsa_divergence_6m,1589171.802734375,112,0.311621709291781,32,0.2219618242840486,60,68.0
month_cos,6276337.1015625,78,0.7162854776815517,2,0.17745958146867385,124,68.0
emp_sa_private_services_other_religious_nsa_3m_chg,1087190.1015625,126,0.2731451013291726,47,0.2783036221463187,35,69.33333333333333
emp_sa_private_services_financial_finance_insurance_nsa_3m_chg,495972.0,179,0.2953308798951615,37,0.34090364653253485,22,79.33333333333333
Oil_Prices_zscore_3m_max_lag1,24715486.599609375,26,0.06211765817162629,161,0.22516196566968796,55,80.66666666666667
emp_sa_private_services_trade_transportation_utilities_transportation_warehousing_nsa_rolling_3m,11278000.0,50,0.2554499617484769,53,0.16519543197698222,140,81.0
nfp_nsa_mom_rolling_3m,790085.8984375,141,0.4239721125856928,14,0.19240867111914928,97,84.0
CCSA_MoM_Pct_rolling_mean_3,3017284.8994140625,90,0.10410496154672932,123,0.26351173536695277,40,84.33333333333333
CCSA_MoM_Pct_2yr_change,2985200.5,91,0.06529183994537213,158,0.5177295448555376,6,85.0
emp_sa_private_services_education_health_health_social_nsa_rolling_3m,7046760.0,75,0.148563998538771,93,0.19049976184637382,100,89.33333333333333
emp_sa_private_services_professional_business_professional_technical_nsa_3m_chg,649047.5,160,0.2739828795648145,46,0.20246539865391033,84,96.66666666666667
emp_sa_private_goods_construction_heavy_civil_nsa_mom,574389.0,170,0.27663347813393147,45,0.20219285284147628,86,100.33333333333333
Oil_Prices_zscore_3m_mean_lag1,12559378.3984375,44,0.06711341944318772,155,0.18922246500798212,105,101.33333333333333
NOAA_Human_Impact_Index_lag3,1244379.0,119,0.08766986823224698,134,0.22270997923374258,58,103.66666666666667
emp_sa_government_federal_postal_nsa_latest,552270.0,173,0.12901804203577516,110,0.28517374673844104,32,105.0
nfp_nsa_mom_lag2,416872.6015625,195,0.2587046684743832,52,0.21431290092277813,68,105.0
emp_sa_private_services_education_health_nsa_3m_chg,362909.0,211,0.4021776292854442,15,0.19463830350798575,95,107.0
emp_sa_private_goods_construction_specialty_nsa_volatility,3908348.7998046875,84,0.08924123879498147,131,0.18508901611049722,113,109.33333333333333
emp_sa_private_services_professional_business_management_companies_nsa_latest,382267.0,207,0.1999266037322034,77,0.24085332362535794,46,110.0
emp_sa_private_services_leisure_hospitality_arts_nsa_3m_chg,340604.0,215,0.3709257654180531,23,0.19504533950124694,94,110.66666666666667
CCSA_MoM_Pct_mom_change,494349.2958984375,180,0.05744081678643065,173,0.5471213848948037,4,119.0
emp_sa_private_services_trade_transportation_utilities_transportation_warehousing_nsa_latest,682997.0,154,0.13512435530148093,102,0.19033283885060576,102,119.33333333333333
emp_sa_private_services_trade_transportation_utilities_transportation_warehousing_nsa_volatility,2357585.0,99,0.13854993478161948,99,0.15151924877786507,174,124.0
CB_Consumer_Confidence_18m_change,93134480.796875,3,0.056644679180196,175,0.14186178937771296,207,128.33333333333334
VIX_p99_lag1,2282904.09765625,101,0.05579130989736303,179,0.18841264175193517,106,128.66666666666666
emp_sa_private_services_education_health_health_social_nsa_volatility,3528560.0,85,0.07899115873571327,144,0.15366660148461153,166,131.66666666666666
emp_sa_private_services_information_nsa_3m_chg,2187645.6015625,104,0.11631810725920033,119,0.15131176870369853,176,133.0
CCSA_MoM_Pct_18m_change,9792681.900390625,58,0.025268501353253203,335,0.5167938852138659,7,133.33333333333334
emp_sa_private_services_trade_transportation_utilities_retail_nsa_rolling_3m,235505.30078125,248,0.4839306631194136,7,0.15968460925595854,149,134.66666666666666
ADP_forecast_yoy_change,3023915.0,89,0.02709342907408674,315,0.44824461100098745,15,139.66666666666666
emp_sa_government_federal_postal_nsa_mom,956355.0,130,0.06956165707548312,152,0.1587670521499871,151,144.33333333333334
CCSA_MoM_Pct_rolling_mean_6,1606510.0,111,0.061633939847721475,163,0.15396077851131101,162,145.33333333333334
nfp_nsa_mom_lag3,8426171.006835938,68,0.23388596289917762,61,0.11663109337599106,313,147.33333333333334
Credit_Spreads_accel_volatility_lag1,2000963.0,106,0.028893020184275198,301,0.2780144364849621,36,147.66666666666666
emp_sa_private_services_other_religious_nsa_rolling_3m,2203270.0,103,0.29586505417585185,36,0.1175250125115489,306,148.33333333333334
JOLTS_Layoffs_mom_change,25294765.700195312,22,0.01826995902245354,416,0.4679607009250672,13,150.33333333333334
SP500_zscore_3m_min_lag12,24746110.0,25,0.02850698239065963,308,0.17785572893839421,123,152.0
SP500_30d_return_latest,11201500.0,52,0.021987881120888453,371,0.2565994282441946,43,155.33333333333334
emp_sa_private_services_other_repair_nsa_mom,9300292.5,59,0.07607502521590259,147,0.12536452803344292,267,157.66666666666666
Credit_Spreads_acceleration_trend_12m,2099236.0,105,0.05887030106996738,170,0.14150372694625202,209,161.33333333333334
ADP_actual_latest,18627710.0,36,0.0598232669242984,167,0.12215249874199803,283,162.0
emp_sa_private_services_information_motion_picture_nsa_3m_chg,389559.30078125,201,0.08891928577101949,132,0.15516769359407975,159,164.0
emp_sa_private_services_professional_business_management_companies_nsa_3m_chg,112953.80078125,337,0.17990108514845105,84,0.20722349076649835,76,165.66666666666666
emp_sa_government_state_excluding_education_nsa_3m_chg,112329.900390625,338,0.10848640114096586,121,0.23723832266082862,48,169.0
CCSA_max_spike_yoy_change,476547.30078125,186,0.0463746512015093,197,0.17618918887221288,125,169.33333333333334
emp_sa_private_services_information_publishing_nsa_3m_chg,184128.0,276,0.07644116781643406,146,0.20191817185200756,87,169.66666666666666
Credit_Spreads_acceleration_rolling_mean_3,689993.7978515625,152,0.05375199643463713,184,0.14440423810451508,198,178.0
Weekly_Econ_Index_monthly_avg_mom_change,4896710.0,80,0.01591382854902834,445,0.49841242785432904,10,178.33333333333334
emp_sa_private_services_financial_finance_insurance_nsa_latest,61673.5,416,0.2142164468388521,70,0.22888748594713276,54,180.0
emp_sa_private_services_trade_transportation_utilities_utilities_nsa_3m_chg,69228.1015625,401,0.13579425578322724,101,0.26947187044457643,38,180.0
ISM_Manufacturing_Index_mom_change,674168.8974609375,158,0.028266854800850005,312,0.21298797542228887,70,180.0
emp_sa_government_state_education_nsa_3m_chg,22716.80078125,494,0.44822989290740844,10,0.2737109731679645,37,180.33333333333334
emp_sa_private_services_financial_nsa_latest,50956.69921875,432,0.25273122769425393,54,0.21205672639533021,71,185.66666666666666
CCSA_max_spike_18m_change,367848.3037109375,210,0.04823793395452114,195,0.15518399150283077,158,187.66666666666666
emp_sa_private_services_trade_transportation_utilities_nsa_latest,35790.8994140625,464,0.3714659575591708,21,0.2042060493678006,83,189.33333333333334
Yield_Curve_zscore_12m_max_mom_change,19211587.201171875,34,0.05908623925872902,169,0.10812492623378768,365,189.33333333333334
emp_sa_private_services_information_other_nsa_3m_chg,133129.103515625,309,0.06923077341666772,153,0.18191308856340138,116,192.66666666666666
SP500_30d_return_yoy_change,10140500.0,55,0.0246721905352163,346,0.15117038279334846,178,193.0
quarter_sin,43905971.0,9,0.31096142257879267,33,0.08214058465353286,546,196.0
nfp_sa_mom_lag2,528597.197265625,176,0.05415576171626002,182,0.13537993266719794,231,196.33333333333334
Credit_Spreads_vol_of_changes_rolling_mean_3,385409.0,206,0.03253159991449861,271,0.17878111094666868,120,199.0
Oil_worst_day_pct_6m_change,401003.0,199,0.020137343876320823,394,0.5087312042586826,9,200.66666666666666
emp_sa_private_goods_construction_nsa_latest,251496.90234375,242,0.4443367810977539,11,0.10880873175885171,360,204.33333333333334
Oil_Prices_volatility_latest,24771536.1015625,24,0.014296174075282053,479,0.18326317292835886,115,206.0
emp_sa_private_services_education_health_health_social_nsa_mom,287322.0,233,0.14451640824019218,95,0.1177295278472019,303,210.33333333333334
Empire_State_Mfg_2yr_change,156837.0,295,0.037394561252765524,241,0.18772269691312035,108,214.66666666666666
emp_sa_private_services_professional_business_professional_technical_nsa_volatility,6375312.6015625,77,0.129242330414312,108,0.0947008665240834,459,214.66666666666666
Credit_Spreads_vol_of_changes_mom_change,8394847.09765625,69,0.03018722230335591,289,0.12145476891211686,287,215.0
ISM_NonManufacturing_Index_2yr_change,665319.0,159,0.03003299275831184,292,0.14424965278804772,199,216.66666666666666
emp_sa_private_services_trade_transportation_utilities_retail_nsa_3m_chg,160514.0,294,0.39415211232406966,17,0.11144352706869826,340,217.0
SP500_zscore_3m_mean_lag12,23312700.0,28,0.018585325539474784,412,0.14011394366181185,213,217.66666666666666
emp_sa_government_state_education_nsa_latest,0.0,539,0.5195755482900508,3,0.18375342490615587,114,218.66666666666666
CCSA_MoM_Pct_rolling_mean_12,388832.58984375,202,0.052584434006724745,185,0.12477777105354715,270,219.0
Oil_Prices_zscore_min_mom_change,38864808.20019531,13,0.017804348736811804,423,0.1364141562722297,225,220.33333333333334
nfp_sa_acceleration,11397526.69921875,49,0.04491664124724659,201,0.10160657111504702,411,220.33333333333334
ISM_Manufacturing_Index_yoy_change,320069.90234375,223,0.042645237223345234,212,0.13597025168570334,227,220.66666666666666
Credit_Spreads_acceleration_2yr_change,11240995.1015625,51,0.01912746476895011,406,0.1416983916285407,208,221.66666666666666
emp_sa_private_goods_construction_heavy_civil_nsa_3m_chg,180566.30078125,279,0.3150627546566862,31,0.10924887534657629,357,222.33333333333334
ADP_forecast_lag2,375184.0,208,0.03588739219225534,253,0.14201489538713719,206,222.33333333333334
emp_sa_private_services_professional_business_professional_technical_nsa_rolling_3m,165316.0,287,0.1745813409692918,87,0.1190751464580037,295,223.0
SP500_best_day_18m_change,253959.0,241,0.023962951113871256,354,0.20747990964422805,75,223.33333333333334
emp_sa_private_services_leisure_hospitality_arts_nsa_mom,282360.80078125,238,0.20991671839815806,73,0.10737826543253105,371,227.33333333333334
SP500_best_day_lag1,856262.0,136,0.01109630745329282,525,0.3339496050713782,23,228.0
NOAA_Human_Impact_Index_lag2,634289.1953125,162,0.04397256197502042,207,0.11620360044793157,318,229.0
emp_sa_private_goods_mining_logging_logging_nsa_volatility,799834.5297851562,140,0.04296166454788386,211,0.11088855339756117,345,232.0
Oil_Prices_volatility_2yr_change,49742000.0,7,0.013852334180716852,486,0.14358094694935342,204,232.33333333333334
Oil_Prices_volatility_6m_change,24875830.69873047,23,0.009806532073084462,540,0.16931822276838437,136,233.0
Challenger_Job_Cuts_6m_change,1072149.0,128,0.034324211306054675,259,0.11650309264929515,314,233.66666666666666
Oil_Prices_zscore_3m_min_lag2,414643.796875,196,0.054151963612540044,183,0.11521667068137893,322,233.66666666666666
NOAA_Human_Impact_Index_latest,130351.69921875,313,0.0457855560273801,198,0.1473769970085874,191,234.0
CB_Consumer_Confidence_mom_change,186095.7998046875,274,0.02875698122128778,304,0.17473910374936535,127,235.0
VIX_volatility_lag1,686292.22265625,153,0.02218439596564803,370,0.14853760039398362,186,236.33333333333334
ISM_NonManufacturing_Index_18m_change,601795.0,167,0.021685830496366076,374,0.1521311496921494,170,237.0
Weekly_Econ_Index_monthly_avg_2yr_change,553151.0,172,0.025131743830371533,338,0.14360411358893257,203,237.66666666666666
emp_sa_private_services_other_nsa_3m_chg,484214.5,182,0.2348552792742855,60,0.09207167457116318,476,239.33333333333334
Empire_State_Mfg_yoy_change,65100.6015625,411,0.04733584736583163,196,0.18617904563933363,111,239.33333333333334
CCSA_MoM_Pct_yoy_change,782181.5,143,0.007988988205529957,570,0.5105762277204774,8,240.33333333333334
Oil_worst_day_pct_trend_12m,18520.19921875,507,0.06292187937167659,160,0.22404758285361503,56,241.0
emp_sa_private_services_education_health_nsa_mom,0.0,610,0.24364917347302528,59,0.22117422930282768,61,243.33333333333334
VIX_p99_18m_change,739186.1015625,147,0.028437630290907734,309,0.12369008326255217,276,244.0
CCSA_max_spike_volatility_6m,2597374.0,94,0.042499326564575224,213,0.09882235850435125,427,244.66666666666666
emp_sa_private_services_information_motion_picture_nsa_volatility,1203460.0,122,0.03637016821937511,247,0.10605603960620424,379,249.33333333333334
ADP_actual_yoy_change,103808.5,351,0.044273873672831865,205,0.14360887534915132,202,252.66666666666666
Weekly_Econ_Index_monthly_avg_6m_change,1699514.19921875,109,0.011717307149258449,516,0.17051335468341394,133,252.66666666666666
emp_sa_private_services_professional_business_admin_waste_nsa_mom,21891.69921875,496,0.20467588494205868,75,0.14809720820922087,188,253.0
Weekly_Econ_Index_monthly_avg_latest,40342.5,452,0.03991791654249832,229,0.20488745911126371,81,254.0
emp_sa_private_goods_nsa_mom,91702.40234375,363,0.2496074688856904,57,0.11111264375558412,343,254.33333333333334
Credit_Spreads_acceleration_rolling_mean_6,4115941.3984375,82,0.012942003615825648,501,0.1510065179171953,180,254.33333333333334
ISM_Manufacturing_Index_latest,63487.6015625,414,0.041898476159367704,219,0.1696864136012234,134,255.66666666666666
Empire_State_Mfg_18m_change,27664.80078125,481,0.04072811477955085,224,0.2189744054310808,62,255.66666666666666
nfp_nsa_mom_rolling_6m,163783.0,289,0.2088778148010637,74,0.1023179090671872,405,256.0
VIX_panic_regime_18m_change,33351400.0,17,0.001300024412209222,698,0.23107953943166937,53,256.0
SP500_30d_return_lag6,7644063.69921875,73,0.016775485591764117,438,0.1283584145993015,258,256.3333333333333
SP500_best_day_rolling_mean_3,1614588.0,110,0.006023164845371465,602,0.22197313345590852,59,257.0
CB_Consumer_Confidence_2yr_change,221612.69921875,255,0.08100539146723928,140,0.10481412592037845,389,261.3333333333333
emp_sa_private_services_trade_transportation_utilities_wholesale_nsa_3m_chg,145923.5,302,0.18673333930513625,80,0.10239623839099582,404,262.0
emp_sa_private_services_information_publishing_nsa_latest,0.0,593,0.13501541335950717,103,0.19135195947457717,99,265.0
emp_sa_private_goods_construction_nsa_mom,14485.400390625,514,0.1285231555969375,112,0.15143664968210527,175,267.0
Credit_Spreads_zscore_12m_mean_mom_change,20001037.797851562,32,0.012618827557935308,505,0.12559982672251968,266,267.6666666666667
CB_Consumer_Confidence_yoy_change,286214.6962890625,235,0.03838389361872796,236,0.11238627146842346,334,268.3333333333333
SP500_30d_return_mom_change,78981.796875,382,0.019417747591572443,402,0.35951011944160005,21,268.3333333333333
emp_sa_private_services_information_nsa_latest,68553.201171875,402,0.0342795972058858,261,0.1585835229281329,152,271.6666666666667
VIX_30d_spike_mom_change,11979202.6015625,48,0.010296691236806765,534,0.1332093233436924,243,275.0
Financial_Stress_monthly_avg_mom_change,12413178.599609375,45,0.0010091156239258048,706,0.20507171279013464,80,277.0
emp_sa_private_services_other_personal_nsa_rolling_3m,107060.0,346,0.21614610717656513,68,0.0991786674027581,423,279.0
emp_sa_private_services_information_nsa_volatility,2337733.0,100,0.03240849439197735,272,0.09368876889059662,465,279.0
SP500_zscore_3m_max_6m_change,13194800.0,41,0.018792130408630925,409,0.10492611952413482,388,279.3333333333333
SP500_30d_return_lag2,273529.0,239,0.0211380439571065,377,0.13777765752591148,222,279.3333333333333
SP500_volatility_latest,691554.0,151,0.018526908403640796,413,0.12343178078346476,277,280.3333333333333
Oil_Prices_zscore_3m_max_rolling_mean_3,771835.0,144,0.006168109248800846,596,0.19017705802710355,103,281.0
Oil_Prices_zscore_12m_min_6m_change,538264.90234375,175,0.01000473026086901,537,0.17154136773623657,131,281.0
NOAA_Economic_Damage_Index_trend_12m,77663.796875,384,0.06473933047964042,159,0.11756233959943539,305,282.6666666666667
emp_sa_private_goods_mining_logging_nsa_volatility,441433.798828125,192,0.014637686641258085,469,0.14796459024852598,189,283.3333333333333
NOAA_Human_Impact_Index_mom_change,173641.400390625,284,0.11267669183641615,120,0.09621552907294566,447,283.6666666666667
SP500_worst_day_rolling_mean_3,404823.0,197,0.008274791732717723,566,0.19839476781809112,92,285.0
linear_baseline_pred,2558796.2900390625,96,0.030071886478838294,291,0.09337975550927205,469,285.3333333333333
CCSA_MoM_Pct_rolling_mean_24,7066568.80078125,74,0.06677700136768605,156,0.07285592324321088,630,286.6666666666667
Oil_Prices_volatility_mom_change,544589.09375,174,0.011747661896197137,515,0.15212700554071645,171,286.6666666666667
emp_sa_government_federal_nsa_latest,118874.0,329,0.11945033209529754,117,0.10064543905422481,415,287.0
Oil_Prices_30d_crash_rolling_mean_3,285825.0,236,0.013712376976322993,488,0.1643463075725768,142,288.6666666666667
Credit_Spreads_accel_volatility_latest,465629.0,188,0.02052763547344183,391,0.12108634880042614,289,289.3333333333333
AWH_Manufacturing_volatility_6m,1168186.796875,124,0.018702398757298955,410,0.11171862590816817,338,290.6666666666667
SP500_max_5d_drop_mom_change,177257.0,283,0.008349133433481981,563,0.2992502553343457,26,290.6666666666667
VIX_30d_spike_rolling_mean_6,116867.3603515625,333,0.03787749743810487,238,0.11726709520560426,309,293.3333333333333
ADP_actual_2yr_change,39229.3984375,454,0.036833896354503626,245,0.148948790472624,184,294.3333333333333
emp_sa_private_goods_construction_heavy_civil_nsa_6m_chg,29201.400390625,479,0.2525468258915886,55,0.10976949331210256,353,295.6666666666667
emp_sa_private_services_nsa_latest,426506.0,194,0.22694584144527186,66,0.07294759110907166,629,296.3333333333333
emp_sa_private_services_information_motion_picture_nsa_rolling_3m,25359.80078125,485,0.03704547914176093,244,0.15492330875572477,160,296.3333333333333
Credit_Spreads_monthly_chg_lag1,7891454.3984375,71,0.02055549102573151,390,0.09856664379903962,431,297.3333333333333
Credit_Spreads_vol_of_changes_6m_change,80933.5,380,0.05597932146737694,178,0.11190723281875523,337,298.3333333333333
Empire_State_Mfg_mom_change,19704.400390625,503,0.03169566458366768,275,0.18132923122620562,118,298.6666666666667
emp_sa_private_services_nsa_rolling_3m,0.0,620,0.34783829700863134,26,0.13086901576125204,250,298.6666666666667
SP500_30d_return_2yr_change,2360590.0,97,0.0017308911336528787,693,0.1880015627263481,107,299.0
Credit_Spreads_acceleration_latest,472967.1953125,187,0.01715478071448162,434,0.12329137001026087,279,300.0
NOAA_Human_Impact_Index_rolling_mean_6,3128799.4716796875,88,0.03871686098520577,234,0.07878340044838805,580,300.6666666666667
Credit_Spreads_zscore_12m_min_18m_change,21810296.796875,29,0.021659289510575608,375,0.08816240734024323,500,301.3333333333333
ADP_forecast_6m_change,0.0,729,0.060455889936554374,165,0.4785321992589517,11,301.6666666666667
Oil_Prices_zscore_12m_mean_lag1,310182.0,227,0.009017819600076749,550,0.17383896510528368,129,302.0
emp_sa_government_nsa_latest,0.0,533,0.498751347053664,4,0.10715829597413383,373,303.3333333333333
emp_sa_government_nsa_mom,0.0,797,0.3452498581103871,27,0.20155414479063954,88,304.0
Oil_Prices_zscore_3m_mean_latest,844111.0,137,0.03365053483080516,263,0.08639624077356614,512,304.0
Empire_State_Mfg_6m_change,71053.0,397,0.019229755862661957,403,0.18541037773211208,112,304.0
emp_sa_private_services_information_nsa_rolling_3m,0.0,552,0.04022790564339429,228,0.169373003555742,135,305.0
VIX_p99_volatility_12m,478838.80078125,184,0.017077159747721726,435,0.1181316202838905,299,306.0
Oil_Prices_zscore_3m_min_2yr_change,26638182.0,21,0.023849431498270235,356,0.08273717828706727,541,306.0
Oil_Prices_zscore_12m_min_latest,138438.69921875,306,0.010617892478665958,529,0.20227979940941726,85,306.6666666666667
emp_sa_private_services_education_health_nsa_rolling_3m,0.0,658,0.39673893384791015,16,0.1312297298121157,249,307.6666666666667
Yield_Curve_zscore_3m_max_lag3,623902.8984375,164,0.021618618450083282,376,0.10525835711563215,385,308.3333333333333
Credit_Spreads_accel_volatility_6m_change,557986.0,171,0.017343165427682994,431,0.11425917658763816,326,309.3333333333333
SP500_bear_market_lag1,0.0,561,0.02703969673282547,318,0.23301787046833403,51,310.0
emp_sa_private_services_trade_transportation_utilities_nsa_volatility,0.0,636,0.2876717282415324,40,0.12913332257975807,254,310.0
Challenger_Job_Cuts_18m_change,952455.6201171875,131,0.010154347923145401,535,0.12468105586468776,271,312.3333333333333
emp_sa_private_services_financial_nsa_3m_chg,0.0,870,0.30848447680904645,34,0.27928742145142943,34,312.6666666666667
NOAA_Human_Impact_Index_18m_change,11166373.09765625,53,0.033453264799542914,264,0.07372023250809556,626,314.3333333333333
NOAA_Human_Impact_Index_lag12,23052.599609375,493,0.09778835903406868,124,0.11363917231038871,328,315.0
SP500_best_day_lag3,207886.0,262,0.015446464365001411,455,0.13562148087745818,229,315.3333333333333
Challenger_Job_Cuts_mom_change,29327485.3046875,19,0.0,862,0.21562350235346325,66,315.6666666666667
emp_sa_private_services_trade_transportation_utilities_wholesale_nsa_latest,125996.599609375,317,0.13208562490673925,106,0.08477665093099503,525,316.0
emp_sa_government_local_education_nsa_3m_chg,0.0,901,0.48786060096680384,6,0.2476187476989734,44,317.0
Oil_Prices_zscore_12m_mean_mom_change,1519950.6015625,113,0.02695858289218478,320,0.08561149000650321,519,317.3333333333333
emp_sa_government_local_excluding_education_nsa_latest,0.0,766,0.37729697056475286,20,0.1532669437481065,167,317.6666666666667
emp_sa_private_services_trade_transportation_utilities_retail_nsa_6m_chg,0.0,540,0.2887952619442262,39,0.10679583307033864,374,317.6666666666667
emp_sa_private_goods_mining_logging_logging_nsa_3m_chg,14073.5,515,0.13267590676288465,105,0.11252254238463595,333,317.6666666666667
JOLTS_Layoffs_2yr_change,52690.80078125,431,0.014434802748190645,474,0.23369871063373907,49,318.0
SP500_zscore_3m_max_lag1,179682.0,281,0.015033410090238952,461,0.14041145860199875,212,318.0
emp_sa_private_services_financial_real_estate_nsa_3m_chg,0.0,826,0.2942668855708175,38,0.19942198152588753,91,318.3333333333333
VIX_volatility_6m_change,1793242.0,107,0.05141101724828001,189,0.07019807269997896,662,319.3333333333333
emp_sa_private_services_information_publishing_nsa_rolling_3m,148236.86279296875,299,0.05999001441755247,166,0.09030187293248769,494,319.6666666666667
Credit_Spreads_zscore_12m_max_mom_change,393770.8046875,200,0.012556985920936903,506,0.12881743302919033,256,320.6666666666667
ADP_actual_18m_change,58810.19921875,421,0.028801178323786925,303,0.13433642786934102,238,320.6666666666667
VIX_p99_latest,356359.1015625,212,0.019419426324356337,401,0.11042816178770429,349,320.6666666666667
emp_sa_private_services_leisure_hospitality_arts_nsa_mom_pct,706371.1015625,148,0.15762476053234664,92,0.06443247605901287,725,321.6666666666667
emp_sa_private_services_financial_finance_insurance_nsa_rolling_3m,0.0,687,0.09057430035315228,130,0.1600794045135497,148,321.6666666666667
Oil_Prices_zscore_3m_min_latest,55596.201171875,425,0.03988546960124317,230,0.11702944374271775,311,322.0
Oil_Prices_30d_crash_rolling_mean_6,338706.7099609375,216,0.04422974170297511,206,0.08222254004338454,545,322.3333333333333
SP500_crash_month_rolling_mean_3,0.0,666,0.03199184419943535,273,0.288688045115884,30,323.0
AWH_All_Private_mom_change,20293109.5,31,0.023648906180451235,360,0.07874458059838846,581,324.0
CCSA_max_spike_2yr_change,0.0,676,0.07233742311048408,150,0.1612227565775756,146,324.0
Oil_Prices_zscore_3m_mean_18m_change,164797.8984375,288,0.04477224042905892,202,0.09112470451763609,485,325.0
emp_sa_government_local_nsa_6m_chg,321055.0,222,0.45839247582831266,9,0.062329963362403665,748,326.3333333333333
VIX_max_6m_change,742207.0,146,0.015778638821242197,450,0.10530116950033669,384,326.6666666666667
SP500_monthly_return_rolling_mean_3,18900340.0,35,0.014286404453879076,480,0.09354414658081814,466,327.0
JOLTS_Layoffs_volatility_6m,38788.80078125,456,0.042175179896159154,215,0.11715839749414149,310,327.0
SP500_bear_market_latest,0.0,599,0.026128390203991714,328,0.22350394574965035,57,328.0
SP500_worst_day_mom_change,0.0,588,0.023694834446906565,357,0.26716743356647893,39,328.0
emp_sa_private_goods_manufacturing_nondurable_nsa_6m_chg,124508.59765625,318,0.23374059790334112,62,0.0751027937241151,608,329.3333333333333
emp_sa_private_services_leisure_hospitality_arts_nsa_volatility,0.0,587,0.09444592365877691,128,0.12394337577847367,275,330.0
SP500_best_day_2yr_change,3508894.703125,86,0.0,809,0.19444216571303796,96,330.3333333333333
Yield_Curve_acceleration_lag12,289060.8408203125,232,0.06192370453096796,162,0.07599288079045201,602,332.0
SP500_volatility_lag3,33916308.5,16,0.0006446573885758866,712,0.12510730453085311,268,332.0
ADP_forecast_volatility_6m,0.0,559,0.048723751079463806,194,0.13311927926288827,244,332.3333333333333
emp_sa_private_services_financial_real_estate_nsa_latest,0.0,801,0.2831630234205069,41,0.1540336205438688,161,334.3333333333333
VIX_p99_2yr_change,12615795.302734375,43,0.02064393904317008,389,0.08013832585900622,572,334.6666666666667
Credit_Spreads_zscore_12m_min_lag18,464161.796875,189,0.02306127412589154,364,0.09528082594770912,454,335.6666666666667
nfp_sa_mom_rolling_3m,584361.0,168,0.0769520270149151,145,0.06689123337383465,697,336.6666666666667
emp_sa_government_nsa_mom_pct,960558.001953125,129,0.21580575035181093,69,0.05717901587172945,813,337.0
Financial_Stress_monthly_avg_6m_change,187782.6015625,273,0.02867189337956999,306,0.09798291052745246,434,337.6666666666667
CB_Consumer_Confidence_6m_change,7756320.0,72,0.003911321517704458,650,0.11956603762510427,291,337.6666666666667
emp_sa_private_services_professional_business_admin_waste_nsa_volatility,0.0,731,0.08371893681854159,138,0.1619055964459537,145,338.0
ISM_Manufacturing_Index_18m_change,18899.0,505,0.02519596215011699,337,0.15127042358799828,177,339.6666666666667
SP500_days_circuit_breaker_lag3,0.0,640,0.040807608278296215,223,0.15638231191119228,156,339.6666666666667
Yield_Curve_accel_volatility_volatility_6m,2675649.701171875,92,0.005537397614459483,615,0.11640390107841073,316,341.0
SP500_max_drawdown_18m_change,321433.0,221,0.011290929278517936,521,0.12230287781388491,282,341.3333333333333
Credit_Spreads_zscore_12m_mean_lag1,64852.80078125,412,0.024193608668255706,350,0.12626482980871925,263,341.6666666666667
VIX_p99_yoy_change,2588249.5,95,0.004816380239115681,627,0.11759400895353687,304,342.0
emp_sa_private_goods_construction_buildings_nsa_mom,26349.5400390625,483,0.1426930405823632,96,0.09616232224046592,448,342.3333333333333
emp_sa_private_services_financial_nsa_rolling_3m,0.0,679,0.1974936932262099,78,0.12431554680409469,272,343.0
emp_sa_government_federal_postal_nsa_rolling_3m,0.0,535,0.1372658539116305,100,0.10434189972585653,394,343.0
Oil_Prices_zscore_3m_min_lag1,17051.80078125,511,0.03077269706745156,284,0.1346825730596177,234,343.0
ISM_NonManufacturing_Index_yoy_change,0.0,572,0.03600764329020789,251,0.13981206495111187,214,345.6666666666667
VIX_zscore_12m_min_mom_change,31766656.0,18,0.04562182246209012,199,0.056775576902381,820,345.6666666666667
emp_sa_private_services_trade_transportation_utilities_utilities_nsa_mom,0.0,739,0.12737100718261063,114,0.1488713397382364,185,346.0
VIX_mean_6m_change,205550.0,265,0.015644819741101657,451,0.11479048901958752,324,346.6666666666667
emp_sa_private_services_professional_business_admin_waste_nsa_6m_chg,107569.19921875,343,0.43065242066601206,13,0.06810175225215664,685,347.0
SP500_30d_return_18m_change,69988.8984375,400,0.006040455275870382,601,0.2632971378793408,41,347.3333333333333
Oil_Prices_zscore_min_6m_change,39598790.0,12,0.0,776,0.12905818960131277,255,347.6666666666667
Oil_Prices_30d_crash_latest,841520.6015625,138,0.005388010608382565,620,0.1217575039640686,286,348.0
emp_sa_government_federal_postal_nsa_6m_chg,0.0,820,0.18668750350097074,81,0.16395134582393406,143,348.0
emp_sa_private_services_information_data_processing_nsa_rolling_3m,0.0,672,0.035813838765057504,254,0.17913528687965824,119,348.3333333333333
SP500_consecutive_down_days_lag2,12739075.6015625,42,0.0,908,0.19218651710508142,98,349.3333333333333
emp_sa_private_services_financial_nsa_mom,312618.0,226,0.18421398249373588,83,0.06295916840262855,741,350.0
SP500_crash_month_lag3,0.0,589,0.041940638445757905,218,0.13283224888188302,246,351.0
Oil_Prices_zscore_12m_min_yoy_change,127064.0,315,0.011503213650249755,518,0.13827841187047252,220,351.0
emp_sa_government_state_education_nsa_mom,0.0,904,0.2327652526825803,63,0.201507531234005,89,352.0
ISM_Manufacturing_Index_rolling_mean_3,1085512.8984375,127,0.01454425346153343,472,0.0948379602614282,458,352.3333333333333
Oil_Prices_zscore_12m_min_2yr_change,14835.900390625,513,0.023651955853605244,358,0.14772733965229876,190,353.6666666666667
Oil_Prices_zscore_3m_max_18m_change,73226.19921875,395,0.019669473355865108,399,0.12488505509684554,269,354.3333333333333
nfp_nsa_divergence_3m,30832.099609375,476,0.3929421447411574,18,0.08016212663031655,570,354.6666666666667
CB_Consumer_Confidence_volatility_6m,1292716.30078125,117,0.00944286343800993,544,0.10192765196860443,409,356.6666666666667
Yield_Curve_vol_of_changes_rolling_mean_6,1247721.0,118,0.013655108694405449,490,0.09382684364805857,463,357.0
Credit_Spreads_accel_volatility_mom_change,338317.0,217,0.0012651958182217093,700,0.1572248005295417,155,357.3333333333333
JOLTS_Quits_yoy_change,608476.0,166,0.034297489537905346,260,0.07108513811677222,648,358.0
Challenger_Job_Cuts_latest,0.0,604,0.03135611797702165,278,0.14694544567183082,193,358.3333333333333
emp_sa_private_services_financial_nsa_volatility,4357213.296875,81,0.006752088355153951,586,0.10209663633454655,408,358.3333333333333
Oil_Prices_zscore_3m_mean_rolling_mean_3,0.0,663,0.03013851795937761,290,0.17445096959480708,128,360.3333333333333
Oil_Prices_zscore_3m_min_rolling_mean_3,353251.8974609375,213,0.0,731,0.1655881775933843,139,361.0
nfp_sa_divergence_6m,151908.900390625,297,0.0969557048179186,125,0.07020097508257428,661,361.0
Yield_Curve_accel_volatility_mom_change,0.0,548,0.020810492604603326,386,0.15928266848635325,150,361.3333333333333
JOLTS_Layoffs_6m_change,682419.599609375,155,0.0,858,0.21017262210580223,72,361.6666666666667
emp_sa_private_goods_construction_heavy_civil_nsa_rolling_3m,17807.599609375,508,0.3242463506034663,30,0.08202726672804035,547,361.6666666666667
SP500_30d_return_lag1,35663.69921875,465,0.006422775635551048,592,0.2941211383002567,28,361.6666666666667
JOLTS_Layoffs_yoy_change,0.0,767,0.033688255786787025,262,0.21791062465410724,64,364.3333333333333
emp_sa_government_local_nsa_rolling_3m,0.0,892,0.49868863160852017,5,0.1446553747758384,196,364.3333333333333
Oil_Prices_mean_volatility_6m,95245.09765625,359,0.02947024666112341,296,0.0965325512030715,444,366.3333333333333
emp_sa_private_services_education_health_nsa_latest,0.0,730,0.2961790933920412,35,0.11237396738996125,335,366.6666666666667
emp_sa_private_services_professional_business_professional_technical_nsa_mom,762090.69921875,145,0.23258358884993902,64,0.05206297595107182,892,367.0
emp_sa_private_services_other_nsa_rolling_3m,0.0,747,0.24967115369277293,56,0.11838357837672392,298,367.0
emp_sa_private_services_information_motion_picture_nsa_latest,24075.80078125,489,0.05496339146008733,180,0.0984109569489309,433,367.3333333333333
emp_sa_private_goods_construction_heavy_civil_nsa_volatility,0.0,709,0.08062682403265686,142,0.12933020310066165,253,368.0
emp_sa_government_state_excluding_education_nsa_mom,0.0,825,0.13953427887615932,97,0.14900921871729314,183,368.3333333333333
Credit_Spreads_avg_6m_change,42513521.0,10,0.05659783865491885,176,0.05007900741813032,919,368.3333333333333
Credit_Spreads_vol_of_changes_trend_12m,109991.8984375,342,0.02321028779387202,362,0.10243823839098719,403,369.0
Credit_Spreads_avg_18m_change,9078100.0,61,0.020430020723042563,392,0.07066495288887234,655,369.3333333333333
emp_sa_government_federal_nsa_mom,70596.998046875,398,0.08409854636343717,136,0.07963111512276075,576,370.0
Yield_Curve_vol_of_changes_lag1,215159.30078125,260,0.0,779,0.21010672057000804,73,370.6666666666667
JOLTS_Quits_mom_change,39261.30078125,453,0.03282254067532753,268,0.10446470673281145,392,371.0
SP500_zscore_3m_max_rolling_mean_24,12289500.0,46,0.0035900777973236764,655,0.10024358147397076,417,372.6666666666667
emp_sa_private_services_trade_transportation_utilities_transportation_warehousing_nsa_6m_chg,34726.69921875,469,0.16126318223010028,91,0.08088839962182992,558,372.6666666666667
Credit_Spreads_vol_of_changes_volatility_6m,0.0,668,0.050324858776966686,192,0.1277041818605521,260,373.3333333333333
SP500_circuit_breaker_lag1,0.0,788,0.027533576829721795,314,0.3694550502773586,19,373.6666666666667
emp_sa_private_services_information_data_processing_nsa_latest,44800.1015625,443,0.00953576863600647,542,0.16840555906930896,137,374.0
Yield_Curve_monthly_chg_volatility_6m,48433.30078125,440,0.03047114258104955,287,0.10396669283619919,396,374.3333333333333
emp_sa_private_services_information_data_processing_nsa_6m_chg,0.0,688,0.07905538827945646,143,0.11946472378344498,292,374.3333333333333
emp_sa_private_services_professional_business_professional_technical_nsa_6m_chg,65419.400390625,410,0.18507090869212828,82,0.07253411727594009,632,374.6666666666667
SP500_max_5d_drop_lag12,479772.5,183,0.0,773,0.1519314690384295,172,376.0
AWH_All_Private_6m_change,39103.80078125,455,0.021086153674565455,379,0.119374621478318,294,376.0
SP500_volatility_rolling_mean_3,222360.0,254,0.02437866788478482,349,0.08421311682841962,530,377.6666666666667
VIX_p99_volatility_6m,17188.30078125,509,0.015221277860249405,458,0.15223775599199038,169,378.6666666666667
Yield_Curve_vol_of_changes_rolling_mean_3,222396.69921875,253,0.01496057400868267,462,0.09963364247261254,421,378.6666666666667
SP500_days_circuit_breaker_lag1,0.0,846,0.02959677493546753,294,0.6221719923829067,2,380.6666666666667
VIX_max_5d_spike_18m_change,13618661.001953125,40,0.01630888198947744,440,0.0701814472633184,663,381.0
Oil_Prices_zscore_12m_mean_volatility_6m,12195070.703125,47,0.004846417090495159,626,0.09332486114382382,470,381.0
emp_sa_private_goods_nsa_latest,194898.599609375,271,0.3598247528824734,24,0.05519083125815005,848,381.0
Yield_Curve_monthly_chg_mom_change,8881262.49609375,63,0.004375938255437362,642,0.0968595066293096,439,381.3333333333333
emp_sa_private_goods_manufacturing_durable_nsa_mom,227417.0,250,0.13309870535664325,104,0.05834147534441525,790,381.3333333333333
SP500_max_5d_drop_rolling_mean_3,583575.0,169,0.0,875,0.19036481850559955,101,381.6666666666667
emp_sa_government_federal_nsa_3m_chg,162096.69140625,293,0.11777105517473263,118,0.06359231121342172,734,381.6666666666667
CCSA_max_spike_6m_change,0.0,809,0.09528549409611031,126,0.14061821152172008,211,382.0
emp_sa_private_services_financial_real_estate_nsa_rolling_3m,81464.296875,379,0.26959465219794154,50,0.06491806260316114,719,382.6666666666667
SP500_best_day_yoy_change,0.0,546,0.01106138645887711,526,0.20610258971281542,78,383.3333333333333
VIX_p99_6m_change,0.0,590,0.02488316590084505,342,0.13686041223455375,223,385.0
ADP_actual_lag1,20293.80078125,501,0.057871743068462767,172,0.09146648988641995,483,385.3333333333333
ADP_forecast_2yr_change,0.0,877,0.03306757701354046,266,0.38788055862760346,17,386.6666666666667
Yield_Curve_monthly_chg_lag1,68117786.69921875,5,0.0,784,0.1073552221407876,372,387.0
VIX_high_regime_lag18,1735211.0,108,0.014390235010247832,475,0.07914400843072289,579,387.3333333333333
emp_sa_government_state_excluding_education_nsa_latest,0.0,860,0.17887387225058005,85,0.13902905025263748,217,387.3333333333333
ISM_NonManufacturing_Index_6m_change,388132.197265625,203,0.0,781,0.1511310934459796,179,387.6666666666667
emp_sa_private_services_professional_business_management_companies_nsa_mom,83472.498046875,377,0.12225290376329445,115,0.06925854991172561,672,388.0
VIX_mean_volatility_12m,124112.90234375,319,0.02088401196317502,384,0.09419606106437588,462,388.3333333333333
VIX_30d_spike_lag1,145148.99462890625,303,0.0,797,0.21492994688536513,67,389.0
Credit_Spreads_acceleration_18m_change,48501910.09765625,8,0.0,812,0.11070948465945922,347,389.0
VIX_max_5d_spike_lag1,16590005.69921875,37,0.015836522234738304,448,0.06790772961470767,690,391.6666666666667
emp_sa_private_goods_manufacturing_durable_nsa_mom_pct,625823.3984375,163,0.02256967407865451,365,0.0709952154235415,649,392.3333333333333
Oil_Prices_30d_crash_lag1,371166.69921875,209,0.005176701126254457,622,0.11088523506725072,346,392.3333333333333
Oil_Prices_zscore_3m_min_6m_change,43918.69921875,444,0.03608935276811742,250,0.09061407439848417,491,395.0
ISM_NonManufacturing_Index_mom_change,9964857.700195312,56,0.0,914,0.13970351965517672,215,395.0
Yield_Curve_monthly_chg_rolling_mean_12,126309.0,316,0.05239344937692625,187,0.06814971951151558,684,395.6666666666667
SP500_zscore_3m_max_18m_change,0.0,633,0.026581666021910255,324,0.135441874491826,230,395.6666666666667
Credit_Spreads_vol_of_changes_yoy_change,0.0,684,0.04096076730010756,221,0.12178188760131334,285,396.6666666666667
SP500_max_drawdown_lag1,0.0,659,0.017324745666546182,432,0.18993802869792062,104,398.3333333333333
Oil_Prices_zscore_12m_min_volatility_6m,6914530.099609375,76,0.0,752,0.10771278225323277,368,398.6666666666667
emp_sa_private_services_other_religious_nsa_volatility,57864.5,422,0.07507969935605141,148,0.07348525691542995,627,399.0
NOAA_Human_Impact_Index_lag6,107231.6005859375,345,0.037814947975741475,239,0.07445228739578896,614,399.3333333333333
emp_sa_private_services_other_religious_nsa_latest,122043.5,322,0.27845199653599906,44,0.056155540574649145,832,399.3333333333333
emp_sa_private_services_professional_business_nsa_mom,0.0,637,0.21981399808818924,67,0.0899669895435454,496,400.0
SP500_zscore_3m_min_mom_change,8706440.0,64,0.011295441251101046,520,0.07420410263997937,619,401.0
emp_sa_private_services_trade_transportation_utilities_utilities_nsa_rolling_3m,0.0,602,0.13945290638884789,98,0.087776264548336,505,401.6666666666667
VIX_30d_spike_volatility_12m,1434816.0,115,0.008430175938742845,559,0.08412127549146653,533,402.3333333333333
Oil_Prices_zscore_12m_max_mom_change,815928.2958984375,139,0.01547939665262632,454,0.07438682103276548,616,403.0
SP500_crash_month_lag1,0.0,900,0.028678796743841328,305,0.5468119209547481,5,403.3333333333333
emp_sa_private_goods_manufacturing_nondurable_nsa_volatility,0.0,808,0.07012767477893256,151,0.13015893720103167,251,403.3333333333333
ISM_Manufacturing_Index_6m_change,12917.5,519,0.01191620689402395,510,0.14917243183144302,182,403.6666666666667
VIX_p99_rolling_mean_3,307519.6953125,228,0.0,745,0.133861584075066,240,404.3333333333333
emp_sa_private_services_professional_business_admin_waste_nsa_latest,38314.80078125,457,0.3382056787149659,29,0.0639962138188288,730,405.3333333333333
SP500_crash_month_lag18,0.0,661,0.025725770713742158,330,0.13622343726464112,226,405.6666666666667
Financial_Stress_monthly_avg_lag1,202551.30078125,268,0.0,891,0.21822063762568727,63,407.3333333333333
JOLTS_Layoffs_latest,0.0,837,0.024181298861042144,352,0.2842213287594341,33,407.3333333333333
VIX_high_regime_18m_change,0.0,543,0.019439920243752518,400,0.12304922874967233,280,407.6666666666667
CCSA_max_spike_lag2,312640.0,225,0.008396529334318892,561,0.09706371477178355,437,407.6666666666667
emp_sa_private_services_professional_business_admin_waste_nsa_3m_chg,12233.400390625,521,0.3499447605946169,25,0.06844448108012317,679,408.3333333333333
Credit_Spreads_vol_of_changes_2yr_change,19854.19921875,502,0.014375473223157353,477,0.13190394716257836,247,408.6666666666667
emp_sa_private_services_financial_finance_insurance_nsa_mom,13543.599609375,517,0.12789797887438992,113,0.07604878041603515,601,410.3333333333333
emp_sa_private_services_information_motion_picture_nsa_6m_chg,21166.30078125,498,0.038036447920621885,237,0.08881013868010075,498,411.0
SP500_best_day_trend_12m,48744.80078125,439,0.006726271917782967,587,0.1407535477691449,210,412.0
SP500_bear_market_rolling_mean_3,0.0,758,0.02660690739821181,323,0.1537080115984308,164,415.0
Oil_Prices_zscore_3m_min_18m_change,0.0,634,0.05090545477289865,191,0.09986590371151546,420,415.0
ADP_actual_rolling_mean_3,75169.298828125,389,0.03781001639194059,240,0.07428255854524023,617,415.3333333333333
Yield_Curve_max_mom_change,287059.8984375,234,0.031050035389490915,280,0.06370546373636828,732,415.3333333333333
Weekly_Econ_Index_monthly_avg_volatility_6m,9864512.0,57,0.013670064160430151,489,0.06608755246224995,705,417.0
SP500_max_drawdown_volatility_6m,54316.8984375,430,0.009075351658332842,549,0.1242008202111389,273,417.3333333333333
Oil_Prices_zscore_3m_max_lag2,8074919.0,70,0.0,831,0.10985750895884576,352,417.6666666666667
ADP_forecast_18m_change,0.0,916,0.025648176921079457,331,0.4310206923522389,16,421.0
SP500_days_circuit_breaker_rolling_mean_3,0.0,909,0.026330887652150192,327,0.298599834633667,27,421.0
SP500_circuit_breaker_latest,0.0,617,0.034809724227228056,257,0.10451068473761702,391,421.6666666666667
Credit_Spreads_vol_of_changes_latest,0.0,794,0.040258723613579406,227,0.13310468866852335,245,422.0
JOLTS_Layoffs_rolling_mean_3,20803.5,500,0.018405329449849184,415,0.10973318036875872,354,423.0
emp_sa_private_goods_manufacturing_durable_nsa_latest,132739.0,310,0.1291766868732629,109,0.054639309004938734,854,424.3333333333333
Challenger_Job_Cuts_yoy_change,785425.09765625,142,0.0,896,0.13462152279187944,235,424.3333333333333
Credit_Spreads_acceleration_volatility_12m,57388242.5,6,0.0011635285812774399,701,0.08031985433427122,568,425.0
Credit_Spreads_acceleration_lag6,35804.5,463,0.02519948174059916,336,0.09195807312346845,477,425.3333333333333
Credit_Spreads_vol_of_changes_18m_change,0.0,872,0.05917377482564312,168,0.1339194893793791,239,426.3333333333333
AWH_All_Private_latest,0.0,532,0.04918753458639502,193,0.08146113855629622,555,426.6666666666667
emp_sa_private_services_information_broadcasting_nsa_volatility,66170.1015625,406,0.010405509322073847,531,0.11090238475668197,344,427.0
VIX_30d_spike_rolling_mean_3,0.0,685,0.020987695909406412,381,0.13830940415609577,219,428.3333333333333
SP500_max_drawdown_yoy_change,0.0,645,0.014716564517654795,467,0.15162372882263905,173,428.3333333333333
quarter_cos,0.0,566,0.22895320115090767,65,0.07023800346007003,660,430.3333333333333
VIX_volatility_volatility_6m,443215.69921875,191,0.0,720,0.10530982156439776,383,431.3333333333333
Credit_Spreads_acceleration_yoy_change,23804.0,491,0.005523183499967832,617,0.14837812262224645,187,431.6666666666667
emp_sa_private_services_information_data_processing_nsa_3m_chg,0.0,857,0.027850668078448937,313,0.17498366637577498,126,432.0
VIX_volatility_rolling_mean_3,1505764.7021484375,114,0.0,746,0.09757908586799857,436,432.0
VIX_max_volatility_6m,92478.703125,361,0.004383708334552594,641,0.11870717480824615,296,432.6666666666667
Credit_Spreads_acceleration_6m_change,113065.80078125,336,0.0,810,0.15846888894165992,153,433.0
nfp_sa_mom_rolling_6m,0.0,615,0.09066259564063905,129,0.08087050716771715,559,434.3333333333333
Oil_Prices_zscore_3m_max_latest,8031.509765625,526,0.02836152496800093,310,0.09340063835042213,468,434.6666666666667
emp_sa_private_services_trade_transportation_utilities_utilities_nsa_volatility,132104.001953125,311,0.03623141387453144,249,0.06238001521745752,746,435.3333333333333
VIX_zscore_3m_min_rolling_mean_6,57331.6015625,423,0.052533988890862915,186,0.06655336101030608,699,436.0
Credit_Spreads_vol_of_changes_rolling_mean_6,26240.69921875,484,0.01357048262193894,491,0.11219883141873863,336,437.0
NOAA_Human_Impact_Index_lag24,97763.701171875,355,0.024866840826150316,343,0.07462425028716944,613,437.0
ADP_actual_6m_change,0.0,854,0.03158305152028218,276,0.15062346511361815,181,437.0
VIX_p99_mom_change,681653.1953125,157,0.0,804,0.1100956385509438,351,437.3333333333333
Oil_Prices_mean_volatility_12m,8954.08984375,523,0.05680140834232983,174,0.0744081426856068,615,437.3333333333333
SP500_zscore_12m_min_lag3,0.0,536,0.02644125066547698,325,0.09544705678562852,452,437.6666666666667
Credit_Spreads_zscore_12m_min_latest,179562.09765625,282,0.06549128602931731,157,0.05288498737113705,877,438.6666666666667
SP500_days_circuit_breaker_mom_change,0.0,681,0.005285450755041277,621,0.45958090787739186,14,438.6666666666667
ADP_actual_lag3,104070.90234375,350,0.042997449030277135,210,0.061554289135331515,757,439.0
Oil_Prices_zscore_12m_min_rolling_mean_3,0.0,680,0.014492146853884336,473,0.15368771189808272,165,439.3333333333333
Credit_Spreads_avg_lag1,0.0,534,0.03475635035011937,258,0.08477266886386163,526,439.3333333333333
emp_sa_private_services_other_repair_nsa_rolling_3m,0.0,582,0.08354331389444125,139,0.07617405959595773,599,440.0
Credit_Spreads_zscore_3m_max_mom_change,25258.69921875,487,0.020694882852078322,388,0.09636510869924332,446,440.3333333333333
Credit_Spreads_zscore_3m_max_lag12,32181.30078125,474,0.011578776012208802,517,0.11277358819943613,332,441.0
SP500_best_day_6m_change,0.0,670,0.007526858168695583,577,0.20649594333471083,77,441.3333333333333
Yield_Curve_zscore_3m_max_mom_change,147604.90234375,300,0.040853238737371456,222,0.05758657316996965,802,441.3333333333333
Yield_Curve_vol_of_changes_rolling_mean_24,96977.69921875,357,0.04067076272077941,225,0.06246432160355575,745,442.3333333333333
Oil_Prices_zscore_3m_min_yoy_change,90987.0,364,0.002459698509280628,674,0.11942525365612641,293,443.6666666666667
Oil_Prices_volatility_lag1,77431.201171875,385,0.039778797164207624,231,0.06516544661485167,717,444.3333333333333
Empire_State_Mfg_latest,17106.30078125,510,0.0009264997798927865,707,0.1813802806795019,117,444.6666666666667
Oil_Prices_zscore_3m_mean_yoy_change,89077.6015625,369,0.016882907925885426,437,0.0842666480389358,529,445.0
emp_sa_private_goods_mining_logging_nsa_3m_chg,0.0,795,0.08588864443595057,135,0.10217583784931618,407,445.6666666666667
SP500_bear_market_6m_change,0.0,605,0.004875378242632955,625,0.18644232619355033,110,446.6666666666667
NOAA_Human_Impact_Index_rolling_mean_24,107033.501953125,347,0.05168928816899143,188,0.057424756408139696,806,447.0
SP500_circuit_breaker_rolling_mean_3,0.0,673,0.024971237431713256,341,0.11379752684359316,327,447.0
SP500_worst_day_trend_12m,0.0,649,0.045617316576239464,200,0.09039850922342305,493,447.3333333333333
Yield_Curve_vol_of_changes_mom_change,76299.8984375,386,0.0,847,0.18750391228474908,109,447.3333333333333
emp_sa_private_services_professional_business_management_companies_nsa_rolling_3m,0.0,754,0.19998741343909243,76,0.08614064836449498,513,447.6666666666667
SP500_volatility_lag1,0.0,530,0.013415277017589489,495,0.11588435872984772,319,448.0
Oil_Prices_zscore_3m_max_mom_change,86521.0,372,0.0006394448617745851,713,0.12729470846080032,261,448.6666666666667
Oil_Prices_zscore_3m_mean_trend_12m,169333.296875,286,0.0,730,0.11288948137559779,330,448.6666666666667
SP500_max_drawdown_volatility_12m,3408580.0,87,0.014627960584620237,470,0.05814567399429518,791,449.3333333333333
emp_sa_private_services_leisure_hospitality_nsa_3m_chg,0.0,723,0.3427684518695955,28,0.07675714364582541,597,449.3333333333333
VIX_zscore_12m_mean_volatility_6m,5544035.30078125,79,0.0,729,0.0822397111722248,544,450.6666666666667
Oil_Prices_zscore_3m_min_rolling_mean_6,0.0,644,0.04042683711830186,226,0.09152272839391797,482,450.6666666666667
emp_sa_private_services_information_other_nsa_mom,49396.0,435,0.08389407914375235,137,0.05904312520607847,780,450.6666666666667
Credit_Spreads_vol_of_changes_volatility_12m,122946.09765625,321,0.0021041694520058662,681,0.11036478288221567,350,450.6666666666667
Financial_Stress_monthly_avg_lag3,85776.5,374,0.018039071175028898,418,0.08080939624266611,560,450.6666666666667
VIX_panic_regime_yoy_change,0.0,677,0.006724233724543893,588,0.19953128391169098,90,451.6666666666667
emp_sa_private_goods_manufacturing_durable_nsa_3m_chg,119374.69921875,328,0.12115118703830907,116,0.05062279379465129,913,452.3333333333333
Credit_Spreads_zscore_12m_mean_volatility_6m,478790.0,185,0.008688081054683217,555,0.07417409418559948,620,453.3333333333333
AWH_All_Private_lag3,0.0,568,0.02956657074917013,295,0.08885201151605514,497,453.3333333333333
Credit_Spreads_zscore_12m_min_volatility_6m,0.0,573,0.04429732982831025,204,0.07863002030852803,584,453.6666666666667
JOLTS_Layoffs_volatility_12m,2358930.0,98,0.005702481018922789,611,0.07075247492801806,653,454.0
VIX_zscore_3m_max_lag3,0.0,562,0.01603662289456409,444,0.10917326577469483,358,454.6666666666667
VIX_mean_lag18,179840.0,280,0.03954116424891918,232,0.05467122978998541,853,455.0
Credit_Spreads_monthly_chg_mom_change,107369.1025390625,344,0.006073261221969606,599,0.09913834740566699,424,455.6666666666667
SP500_worst_day_lag12,0.0,567,0.01794902872430404,420,0.1057307998521263,381,456.0
ISM_Manufacturing_Index_2yr_change,7082.009765625,528,0.005979403730209221,604,0.13444025119962175,237,456.3333333333333
Challenger_Job_Cuts_2yr_change,42912.5,445,0.0029902296301225206,665,0.12787294014934944,259,456.3333333333333
Credit_Spreads_acceleration_lag12,200505.30078125,269,0.009177623903238175,548,0.08165704426636455,553,456.6666666666667
VIX_zscore_3m_mean_lag3,42092.3984375,447,0.013776386641795924,487,0.0968821244483407,438,457.3333333333333
Oil_Prices_zscore_min_latest,73480.0,394,0.027045094883187737,317,0.07017409694747907,664,458.3333333333333
SP500_crash_month_rolling_mean_6,0.0,793,0.030532580306656065,286,0.11866573311888566,297,458.6666666666667
Oil_Prices_30d_crash_trend_12m,72458.71166992188,396,0.014869131147726478,464,0.08565486963867079,517,459.0
emp_sa_private_nsa_mom,0.0,882,0.21340866216687315,71,0.09909333101374913,425,459.3333333333333
VIX_panic_regime_latest,0.0,787,0.008367550248091549,562,0.28711546343151406,31,460.0
Oil_Prices_zscore_3m_mean_lag2,386914.59765625,205,0.0,899,0.12237981592297717,281,461.6666666666667
Oil_Prices_zscore_12m_max_lag18,66794.703125,404,0.01792006675630642,421,0.08080614837006828,561,462.0
emp_sa_private_goods_mining_logging_logging_nsa_6m_chg,0.0,876,0.19748512950448927,79,0.09847280772748197,432,462.3333333333333
SP500_zscore_12m_mean_lag3,0.0,538,0.015104418871705771,459,0.10452686250470782,390,462.3333333333333
AHE_Private_mom_change,30394.19921875,478,0.04455290984718774,203,0.0660501521913232,707,462.6666666666667
VIX_volatility_volatility_12m,35195.619140625,467,0.017599083097212365,428,0.08834863857227634,499,464.6666666666667
emp_sa_government_federal_postal_nsa_3m_chg,0.0,893,0.1693687838351532,88,0.1004610032160445,416,465.6666666666667
Weekly_Econ_Index_monthly_avg_yoy_change,0.0,651,0.009320202571341252,547,0.14411997991784295,200,466.0
Industrial_Production_yoy_change,141827.2021484375,304,0.02915797644802076,298,0.057768875363795234,797,466.3333333333333
Credit_Spreads_acceleration_rolling_mean_12,204317.39453125,266,0.005810369416219707,609,0.08500766594466815,524,466.3333333333333
Oil_Prices_30d_crash_lag2,692829.611328125,150,0.001381340736819503,697,0.08100729038040347,556,467.6666666666667
nfp_sa_divergence_3m,68308.0009765625,403,0.0728538604619855,149,0.05459498279931047,855,469.0
VIX_zscore_12m_min_lag6,0.0,608,0.02642309875484994,326,0.09266482174235398,473,469.0
SP500_max_5d_drop_lag1,0.0,674,0.0007207675865439356,710,0.3110196311137215,25,469.6666666666667
emp_sa_private_goods_construction_buildings_nsa_volatility,0.0,852,0.023498788347397603,361,0.14374250716788922,201,471.3333333333333
JOLTS_Layoffs_18m_change,40793.19921875,451,0.0,900,0.2160548699851051,65,472.0
Oil_Prices_zscore_3m_mean_mom_change,169610.599609375,285,0.0,722,0.10161313548087023,410,472.3333333333333
Financial_Stress_monthly_avg_volatility_6m,215729.50390625,259,0.0,845,0.11566185652454439,320,474.6666666666667
Credit_Spreads_avg_latest,0.0,601,0.03673845421167554,246,0.07921818243094016,578,475.0
SP500_max_5d_drop_volatility_6m,19301.30078125,504,0.0033666466985513566,660,0.12705880437435763,262,475.3333333333333
Weekly_Econ_Index_monthly_avg_18m_change,0.0,683,0.009992740940134581,538,0.14236889989167398,205,475.3333333333333
SP500_zscore_3m_mean_yoy_change,0.0,675,0.019177358826627966,404,0.11043707859676874,348,475.6666666666667
Empire_State_Mfg_lag18,5529.33984375,529,0.034899606122111404,256,0.07153647543297405,642,475.6666666666667
SP500_worst_day_volatility_6m,0.0,710,0.006692128694994359,589,0.1715646867752774,130,476.3333333333333
ISM_NonManufacturing_Index_rolling_mean_6,41012.6015625,449,0.05870826380836203,171,0.05720318153170268,812,477.3333333333333
SP500_volatility_volatility_6m,0.0,799,0.014582922311780155,471,0.1539561259545259,163,477.6666666666667
VIX_p99_lag18,284201.4404296875,237,0.017803984399304085,424,0.059740042914025814,772,477.6666666666667
SP500_best_day_mom_change,66084.3984375,408,0.013498358293023482,492,0.08385450112135355,535,478.3333333333333
Oil_Prices_volatility_rolling_mean_3,0.0,798,0.03734371936812675,242,0.10427424808376987,395,478.3333333333333
SP500_days_circuit_breaker_trend_12m,0.0,690,0.01071153414606174,528,0.13893799371563523,218,478.6666666666667
emp_sa_private_services_information_broadcasting_nsa_rolling_3m,2665547.30078125,93,0.008824727563417234,552,0.058145289280015035,792,479.0
AWH_All_Private_rolling_mean_3,0.0,603,0.015426586518218155,457,0.10622520755112999,377,479.0
emp_sa_private_services_information_motion_picture_nsa_mom,0.0,751,0.056375830987799525,177,0.08717912227320132,509,479.0
SP500_monthly_return_6m_change,0.0,712,0.013443897127672688,494,0.13472422560044636,233,479.6666666666667
JOLTS_Layoffs_rolling_mean_6,0.0,656,0.03596654442343272,252,0.08414047043577622,532,480.0
emp_sa_private_goods_construction_buildings_nsa_yoy,197736.298828125,270,0.02972265145013786,293,0.052763559369208984,880,481.0
Oil_Prices_zscore_12m_max_volatility_6m,38092466.400390625,14,0.0,742,0.0680385236951375,688,481.3333333333333
VIX_panic_regime_rolling_mean_3,0.0,803,0.008418934814370393,560,0.2042576063727171,82,481.6666666666667
SP500_days_circuit_breaker_volatility_6m,0.0,918,0.025274575008366718,333,0.14467910409162849,195,482.0
Oil_Prices_zscore_min_lag3,1311780.0,116,0.004066780685701765,648,0.06823230527831732,682,482.0
SP500_circuit_breaker_lag3,0.0,750,0.04189776919563881,220,0.09185397891033882,478,482.6666666666667
VIX_zscore_12m_min_lag1,49139.599609375,438,0.038649776109688005,235,0.05920907466269788,777,483.3333333333333
SP500_zscore_12m_min_mom_change,0.0,619,0.008199744127285413,567,0.12601123106231232,265,483.6666666666667
AWH_All_Private_18m_change,0.0,537,0.003816616944758433,651,0.12614858747288735,264,484.0
emp_services_share,0.0,903,0.17519021219833641,86,0.09351368153581494,467,485.3333333333333
SP500_zscore_12m_mean_lag1,0.0,866,0.024810164714321292,344,0.13124861039240315,248,486.0
ADP_actual_lag2,185319.69921875,275,0.020720228025011167,387,0.057696870816273914,800,487.3333333333333
emp_sa_private_services_trade_transportation_utilities_wholesale_nsa_rolling_3m,0.0,648,0.21328445279849628,72,0.06279045300855374,743,487.6666666666667
SP500_best_day_volatility_12m,0.0,585,0.013869140041540273,485,0.10445276564941114,393,487.6666666666667
Oil_Prices_volatility_yoy_change,48076.6015625,441,0.0,794,0.13595965851379394,228,487.6666666666667
SP500_best_day_latest,0.0,919,0.013449181789193076,493,0.23292049603877377,52,488.0
Oil_Prices_volatility_volatility_12m,22059.69921875,495,0.030271749589403374,288,0.06823285198625972,681,488.0
Credit_Spreads_zscore_3m_min_rolling_mean_24,92141.69921875,362,0.013268265383397537,497,0.0757349489159058,605,488.0
Yield_Curve_avg_lag24,515266.0,178,0.017794510360453764,425,0.05415791747304835,861,488.0
ISM_Manufacturing_Index_volatility_12m,18815.400390625,506,0.012622228065815477,504,0.09494599776182563,456,488.6666666666667
VIX_zscore_12m_mean_lag1,519085.3974609375,177,0.0,815,0.09250406685436537,474,488.6666666666667
Credit_Spreads_zscore_12m_max_rolling_mean_3,0.0,827,0.05482080097149966,181,0.09449671389610814,460,489.3333333333333
Oil_Prices_volatility_18m_change,36962.0009765625,459,0.0,841,0.1525797453771407,168,489.3333333333333
VIX_panic_regime_2yr_change,0.0,763,0.004723739855789111,631,0.20979934856346877,74,489.3333333333333
CB_Consumer_Confidence_trend_12m,330253.7001953125,219,0.00856373085916129,557,0.06760472740372335,693,489.6666666666667
VIX_zscore_12m_max_mom_change,10346746.19921875,54,0.0,915,0.08797193834485578,502,490.3333333333333
ISM_Manufacturing_Index_rolling_mean_12,872399.30078125,135,0.007978396728836046,571,0.06025218608337844,767,491.0
JOLTS_Layoffs_lag1,239165.40234375,244,0.017056481084117614,436,0.057760925623735984,798,492.6666666666667
JOLTS_Layoffs_trend_12m,25331.400390625,486,0.02681989216531333,321,0.06909673014665951,673,493.3333333333333
emp_sa_government_local_excluding_education_nsa_rolling_3m,0.0,760,0.4685290345638431,8,0.06545059829996305,714,494.0
VIX_zscore_12m_mean_mom_change,238318.99072265625,245,0.0,860,0.10562922727097178,382,495.6666666666667
VIX_zscore_3m_max_18m_change,8545573.5,66,0.0,775,0.07084891882924022,650,497.0
SP500_consecutive_down_days_lag6,0.0,621,0.013244705385884181,500,0.10742243144045192,370,497.0
Oil_Prices_went_negative_latest,0.0,814,0.002331002331001253,676,0.6611780861038503,1,497.0
emp_sa_private_services_information_telecommunications_nsa_latest,148980.19921875,298,0.01635220345838917,439,0.06188423335405226,755,497.3333333333333
AWH_All_Private_rolling_mean_12,0.0,812,0.03263636102321721,270,0.10077399992433,414,498.6666666666667
SP500_30d_return_volatility_6m,0.0,704,0.004115724189897918,647,0.16021809417135247,147,499.3333333333333
Credit_Spreads_acceleration_lag24,271086.5,240,0.00800970644907828,569,0.06765295347297882,692,500.3333333333333
ISM_Manufacturing_Index_lag3,1212435.798828125,121,0.005659250328223564,613,0.05998186934146492,770,501.3333333333333
VIX_panic_regime_lag1,0.0,828,0.0044668349010279496,635,0.2608398502179821,42,501.6666666666667
SP500_max_5d_drop_lag2,0.0,844,0.014862705390240816,465,0.14446774216991345,197,502.0
emp_sa_government_local_education_nsa_volatility,0.0,838,0.2666516544206057,51,0.07423894841143941,618,502.3333333333333
Credit_Spreads_zscore_3m_mean_lag1,681736.30078125,156,0.0,787,0.08066063363683877,564,502.3333333333333
Financial_Stress_monthly_avg_volatility_12m,636361.0,161,0.0,920,0.09882100200861534,428,503.0
SP500_consecutive_down_days_mom_change,62377.80078125,415,0.0036759796897856134,654,0.09667914882398944,442,503.6666666666667
VIX_zscore_3m_mean_lag12,431433.900390625,193,0.0,855,0.09379646434643432,464,504.0
VIX_panic_regime_6m_change,0.0,847,0.0061513133718709145,597,0.2139726186478108,69,504.3333333333333
CB_Consumer_Confidence_lag18,35852.5,462,0.02857376896504782,307,0.06236459397004746,747,505.3333333333333
Industrial_Production_mom_change,137560.8984375,307,0.018466457709487294,414,0.05778697471654991,796,505.6666666666667
CCSA_weeks_high_volatility_12m,131539.0,312,0.0,783,0.09918025535384942,422,505.6666666666667
ADP_actual_lag6,24951.099609375,488,0.03073639301627562,285,0.0625041989631261,744,505.6666666666667
SP500_zscore_12m_min_lag1,0.0,864,0.010358429440877615,532,0.1782872261105545,122,506.0
VIX_high_regime_rolling_mean_3,0.0,840,0.01774940929654245,426,0.12955254307701575,252,506.0
VIX_panic_regime_volatility_12m,0.0,786,0.01731624637621465,433,0.11786985359736864,301,506.6666666666667
Yield_Curve_zscore_3m_mean_lag3,0.0,761,0.04215424686705571,216,0.0818638951212207,548,508.3333333333333
SP500_zscore_12m_mean_volatility_6m,0.0,896,0.020274657615857894,393,0.1344988125756022,236,508.3333333333333
SP500_days_circuit_breaker_lag2,0.0,638,0.026985667213727194,319,0.08017025366286937,569,508.6666666666667
Oil_Prices_zscore_3m_mean_6m_change,162124.49609375,292,0.024749220521582238,345,0.05221082419912736,890,509.0
SP500_crash_month_trend_12m,0.0,706,0.0031347330851629884,664,0.15617293556204265,157,509.0
SP500_zscore_3m_min_lag2,0.0,632,0.008666876972978965,556,0.11142043987943137,341,509.6666666666667
JOLTS_Quits_latest,32728.19921875,471,0.03878515322594556,233,0.05649357884801405,827,510.3333333333333
VIX_zscore_3m_max_volatility_6m,64209.80078125,413,0.007336524643208442,581,0.08307851867265206,539,511.0
SP500_zscore_12m_max_lag3,73714.296875,392,0.004687357530562597,632,0.08696542690126526,510,511.3333333333333
emp_sa_private_services_other_repair_nsa_latest,10260.400390625,522,0.10411857248152545,122,0.052058123545271485,893,512.3333333333334
SP500_zscore_12m_mean_mom_change,0.0,592,0.004777269349270252,630,0.11636215042166481,317,513.0
SP500_crash_month_mom_change,0.0,807,0.0004607158750187246,714,0.3739631344693597,18,513.0
SP500_crash_month_lag2,0.0,595,0.033439894531299696,265,0.06843564181213954,680,513.3333333333334
emp_sa_private_goods_mining_logging_nsa_6m_chg,0.0,600,0.1638142730950114,89,0.05473932111572093,852,513.6666666666666
Financial_Stress_monthly_avg_trend_12m,206049.099609375,264,0.0,791,0.09097740787990306,486,513.6666666666666
SP500_consecutive_down_days_lag12,0.0,705,0.007387202989872055,580,0.12868477884970062,257,514.0
AHE_Private_lag3,235615.0,247,0.015488202815910235,453,0.05566843511009796,842,514.0
SP500_zscore_3m_max_yoy_change,0.0,816,0.02498818551352766,340,0.10519055308507286,386,514.0
VIX_zscore_12m_min_lag18,60117.8984375,420,0.004465936136479165,636,0.09091153325308621,487,514.3333333333334
SP500_best_day_volatility_6m,0.0,626,0.0,767,0.15739555494453952,154,515.6666666666666
VIX_zscore_3m_max_lag18,26994945.09765625,20,0.0,765,0.06118212383503037,762,515.6666666666666
SP500_circuit_breaker_mom_change,0.0,856,0.002758861256116907,667,0.3297673334820339,24,515.6666666666666
Yield_Curve_acceleration_lag2,223936.19921875,251,0.011131742700262848,523,0.05958470071957506,774,516.0
Oil_Prices_zscore_3m_max_lag18,182641.69921875,277,0.0008146129336230601,709,0.08066878288691717,563,516.3333333333334
VIX_panic_regime_rolling_mean_6,0.0,549,0.0018456064835359332,690,0.1166583010221356,312,517.0
VIX_p99_rolling_mean_6,219406.30078125,256,0.0006955638989882829,711,0.07836724222394384,586,517.6666666666666
Oil_Prices_went_negative_lag2,0.0,740,0.002331002331001253,675,0.16810562749894425,138,517.6666666666666
emp_sa_private_services_information_data_processing_nsa_mom,105968.0,348,0.0,768,0.0967396429833834,440,518.6666666666666
Yield_Curve_acceleration_lag24,227973.6015625,249,0.0,801,0.08728478782101606,508,519.3333333333334
SP500_worst_day_lag1,0.0,861,0.002271388461826618,677,0.368092024247352,20,519.3333333333334
Oil_Prices_zscore_min_volatility_6m,247977.0,243,0.0,837,0.09181355778005088,480,520.0
VIX_zscore_3m_min_lag18,207548.0,263,0.0,733,0.08055059692336965,565,520.3333333333334
Financial_Stress_monthly_avg_rolling_mean_6,60929.3984375,419,0.0,748,0.10367044403637721,398,521.6666666666666
VIX_zscore_12m_mean_lag6,402276.30078125,198,0.0,919,0.09612144489289891,449,522.0
emp_sa_government_federal_nsa_6m_chg,0.0,773,0.09461287027389131,127,0.06966120070339749,667,522.3333333333334
Oil_Prices_volatility_rolling_mean_6,0.0,654,0.025088781436395813,339,0.0798908487295043,575,522.6666666666666
Credit_Spreads_zscore_12m_min_2yr_change,15814418.5,38,0.0,830,0.06647492887530748,701,523.0
Credit_Spreads_zscore_12m_min_lag24,35482682.0,15,0.0,726,0.05642937558775376,830,523.6666666666666
Credit_Spreads_acceleration_volatility_6m,492341.0,181,0.003398311711972468,658,0.06360484020927953,733,524.0
SP500_max_drawdown_lag3,0.0,594,0.005697161126556605,612,0.1077667936543922,367,524.3333333333334
emp_sa_private_services_financial_real_estate_nsa_mom,0.0,641,0.14589782301319065,94,0.055736190699883746,839,524.6666666666666
VIX_high_regime_lag2,0.0,653,0.00940395546220607,545,0.10614890232306286,378,525.3333333333334
JOLTS_Quits_6m_change,32532.5,472,0.020962487223033843,382,0.06464919431580922,722,525.3333333333334
ISM_NonManufacturing_Index_latest,70303.5,399,0.031352268701700936,279,0.05163025366300906,898,525.3333333333334
VIX_max_volatility_12m,318635.00390625,224,0.0,865,0.09082864355805714,488,525.6666666666666
emp_sa_private_services_professional_business_management_companies_nsa_volatility,0.0,822,0.06056084092402436,164,0.07787879357641837,591,525.6666666666666
SP500_zscore_3m_mean_lag6,0.0,560,0.03276765830951156,269,0.06196208450324877,752,527.0
Oil_Prices_zscore_min_lag18,327684.599609375,220,0.006125315727432579,598,0.06102047944201826,764,527.3333333333334
VIX_zscore_12m_min_6m_change,78522.4990234375,383,0.01484673855986074,466,0.06346854657674257,735,528.0
Oil_Prices_mean_lag18,129305.099609375,314,0.00780668870978829,572,0.06680932587432656,698,528.0
NOAA_Economic_Damage_Index_lag24,114293.5009765625,335,0.010543806036731773,530,0.06486098662038838,720,528.3333333333334
CCSA_weeks_high_latest,0.0,897,0.013260284676799738,498,0.14658888877208065,194,529.6666666666666
ISM_Manufacturing_Index_volatility_6m,88103.373046875,371,0.0,734,0.09114808437507207,484,529.6666666666666
Financial_Stress_monthly_avg_18m_change,104870.69921875,349,0.0,886,0.10957177153498786,356,530.3333333333334
Credit_Spreads_monthly_chg_lag24,189966.1015625,272,0.014073905565629818,484,0.056083803441605386,835,530.3333333333334
Yield_Curve_acceleration_latest,218820.5,257,0.0,741,0.07716685083128991,595,531.0
VIX_30d_spike_rolling_mean_12,89410.09765625,367,0.004786884251704926,629,0.07660229910653528,598,531.3333333333334
Yield_Curve_max_trend_12m,90810.1015625,365,0.02237652381152344,367,0.0540419481479384,864,532.0
Oil_Prices_zscore_12m_min_volatility_12m,181952.80078125,278,0.0,725,0.07735360619219891,593,532.0
SP500_bear_market_yoy_change,0.0,570,0.0,907,0.17851679934901687,121,532.6666666666666
Credit_Spreads_vol_of_changes_rolling_mean_12,0.0,755,0.022300436656980782,368,0.09182777133957222,479,534.0
NOAA_Human_Impact_Index_2yr_change,19243421.697265625,33,0.0,764,0.05741939723316252,807,534.6666666666666
Oil_Prices_zscore_min_yoy_change,41224.0,448,0.0,728,0.09871780633356779,430,535.3333333333334
emp_sa_private_services_other_repair_nsa_mom_pct,0.0,591,0.008688613237292753,554,0.09437880476676616,461,535.3333333333334
VIX_30d_spike_trend_12m,99669.8984375,354,0.02099004067411414,380,0.05320523590881049,873,535.6666666666666
Credit_Spreads_monthly_chg_lag2,35057.6015625,468,0.010103459435389262,536,0.0756836182018933,606,536.6666666666666
Yield_Curve_monthly_chg_volatility_12m,86325.197265625,373,0.0,808,0.09762273387183423,435,538.6666666666666
VIX_panic_regime_rolling_mean_12,0.0,569,0.006266364823715342,593,0.09520348453435776,455,539.0
Oil_Prices_zscore_min_2yr_change,1219617.50390625,120,0.0,792,0.06577015000256946,709,540.3333333333334
SP500_zscore_3m_max_lag18,0.0,625,0.005502067013132272,618,0.10599106099643277,380,541.0
ISM_NonManufacturing_Index_volatility_12m,117705.197265625,332,0.020832080310600354,385,0.05077530105780131,908,541.6666666666666
emp_sa_private_services_trade_transportation_utilities_retail_nsa_mom,0.0,889,0.2712639790647966,48,0.06803483885756498,689,542.0
SP500_bear_market_trend_12m,0.0,726,0.010764716001409713,527,0.10668488541385085,375,542.6666666666666
Oil_Prices_zscore_12m_min_lag18,236567.806640625,246,0.0,868,0.08582250662388771,515,543.0
Yield_Curve_acceleration_lag3,295747.099609375,229,0.0,754,0.07119660968435555,647,543.3333333333334
VIX_p99_lag2,387707.0,204,0.002267697562808202,678,0.06190723690761052,754,545.3333333333334
SP500_30d_return_volatility_12m,0.0,734,0.005987587051699439,603,0.11780865553279703,302,546.3333333333334
JOLTS_Layoffs_rolling_mean_12,0.0,643,0.018686733007606815,411,0.07841988099682783,585,546.3333333333334
SP500_max_drawdown_latest,0.0,531,0.0,788,0.11539439058938471,321,546.6666666666666
Credit_Spreads_zscore_12m_max_lag1,0.0,785,0.00555739175989034,614,0.13369532236235865,242,547.0
Credit_Spreads_zscore_3m_max_lag1,0.0,586,0.025268702738729054,334,0.06473064900413993,721,547.0
AWH_All_Private_trend_12m,80108.296875,381,0.005159753832059799,623,0.0717677653424161,637,547.0
Yield_Curve_vol_of_changes_trend_12m,66597.6015625,405,0.023070613875901813,363,0.05303537058232649,875,547.6666666666666
Credit_Spreads_zscore_3m_min_18m_change,218125.0,258,0.009649264649443268,541,0.05543806399076177,844,547.6666666666666
SP500_max_5d_drop_volatility_12m,0.0,646,0.015814095924528093,449,0.08185843008716183,549,548.0
SP500_zscore_12m_max_lag2,0.0,667,0.005817834094902441,608,0.10770612138634204,369,548.0
SP500_bear_market_volatility_6m,0.0,612,0.023889623220315404,355,0.06849885574902419,678,548.3333333333334
Credit_Spreads_zscore_12m_max_lag2,8576.4501953125,524,0.006621651591717459,590,0.08391520139972046,534,549.3333333333334
Empire_State_Mfg_volatility_6m,0.0,623,0.042221042958403565,214,0.05722141993284007,811,549.3333333333334
Oil_worst_day_pct_lag6,120065.69921875,325,0.011797039867701642,514,0.05729701819530652,810,549.6666666666666
VIX_zscore_12m_min_volatility_6m,923379.296875,132,0.0,780,0.06334418743658883,737,549.6666666666666
VIX_high_regime_lag1,0.0,759,0.007546213353427866,576,0.11648412843654471,315,550.0
Financial_Stress_monthly_avg_rolling_mean_24,74817.1015625,390,0.011873300738849846,511,0.06230023252738117,749,550.0
SP500_bear_market_2yr_change,0.0,697,0.0,822,0.17130761098274,132,550.3333333333334
ADP_forecast_volatility_12m,0.0,920,0.04195870144986413,217,0.08583115151356681,514,550.3333333333334
Yield_Curve_monthly_chg_rolling_mean_24,0.0,790,0.05122571651128993,190,0.06876307123974994,676,552.0
VIX_zscore_12m_max_volatility_6m,0.0,732,0.019876141971537642,398,0.08462163508441908,527,552.3333333333334
SP500_bear_market_18m_change,0.0,711,0.0,806,0.16309229598172323,144,553.6666666666666
Credit_Spreads_zscore_3m_mean_lag12,0.0,722,0.031049305535613136,281,0.07052947735695192,659,554.0
Oil_Prices_30d_crash_lag24,0.0,671,0.03526619079158522,255,0.06340527887170798,736,554.0
SP500_consecutive_down_days_lag24,0.0,647,0.0,732,0.12209940185336321,284,554.3333333333334
CB_Consumer_Confidence_volatility_12m,912047.5,133,0.0012716756202006962,699,0.055989737347483325,836,556.0
VIX_high_regime_trend_12m,0.0,629,0.022400169857941687,366,0.06909559210724558,674,556.3333333333334
Credit_Spreads_zscore_3m_min_rolling_mean_3,146087.09765625,301,0.004176981235521904,646,0.06457888129793384,723,556.6666666666666
SP500_bear_market_lag2,0.0,800,0.029028519014274945,299,0.08015907915166179,571,556.6666666666666
Credit_Spreads_zscore_3m_min_mom_change,97136.0,356,0.019176020543361982,405,0.05074159680790048,909,556.6666666666666
SP500_zscore_12m_max_volatility_6m,0.0,630,0.0,757,0.12120896268783186,288,558.3333333333334
SP500_30d_return_trend_12m,0.0,642,0.02460004066499355,347,0.06807500883140495,686,558.3333333333334
SP500_zscore_3m_min_yoy_change,0.0,748,0.008297066019978594,564,0.10826763442043247,363,558.3333333333334
Oil_Prices_zscore_3m_min_trend_12m,49339.5,436,0.0,814,0.09893239751814524,426,558.6666666666666
SP500_zscore_12m_mean_lag2,0.0,745,0.01735780530287334,430,0.08784621499361821,504,559.6666666666666
Credit_Spreads_accel_volatility_volatility_6m,0.0,851,0.004448343852284875,637,0.14711408508575435,192,560.0
VIX_zscore_12m_max_lag12,73699.099609375,393,0.018242281175381514,417,0.05362877009037415,870,560.0
Oil_Prices_30d_crash_rolling_mean_12,89384.8984375,368,0.0,760,0.08167324026383106,552,560.0
Yield_Curve_zscore_max_2yr_change,36092.8984375,461,0.019961627726241993,397,0.05666435567236578,823,560.3333333333334
VIX_panic_regime_volatility_6m,0.0,813,0.004349085886377058,644,0.13664692571401538,224,560.3333333333334
Oil_Prices_mean_6m_change,0.0,878,0.04391353418383126,208,0.07684773983102444,596,560.6666666666666
Oil_worst_day_pct_lag18,118630.1005859375,330,0.013308320712668298,496,0.05445690512649876,857,561.0
emp_sa_private_services_information_publishing_nsa_volatility,21797.19921875,497,0.006914723081364205,583,0.07584386791323086,603,561.0
Credit_Spreads_zscore_3m_max_yoy_change,30741.80078125,477,0.026752513261560473,322,0.052468165717159926,886,561.6666666666666
SP500_max_drawdown_6m_change,0.0,796,0.002521246097242802,673,0.13947819950681417,216,561.6666666666666
SP500_circuit_breaker_lag12,0.0,542,0.028853941865250476,302,0.05543976655846015,843,562.3333333333334
SP500_zscore_12m_max_18m_change,0.0,811,0.008764159920008119,553,0.11483458773093012,323,562.3333333333334
emp_private_govt_ratio,0.0,738,0.12888442758927932,111,0.055753371978579845,838,562.3333333333334
AWH_All_Private_2yr_change,49190.30078125,437,0.0,890,0.1085454735890094,362,563.0
weeks_since_last_survey,0.0,581,0.020917681794626386,383,0.06440930208005403,726,563.3333333333334
emp_sa_private_services_nsa_mom_pct,0.0,818,0.1310177769881924,107,0.06068131302528229,765,563.3333333333334
SP500_volatility_yoy_change,0.0,902,0.013244745098166089,499,0.11989514248241631,290,563.6666666666666
VIX_zscore_12m_max_lag2,55420.3984375,426,0.0,751,0.08574515374131969,516,564.3333333333334
VIX_p99_trend_12m,0.0,890,0.028333992397358898,311,0.09042059244645438,492,564.3333333333334
Oil_Prices_zscore_3m_max_trend_12m,8324.2099609375,525,0.0,863,0.11750531080211318,307,565.0
VIX_high_regime_6m_change,0.0,614,0.0,744,0.11165521561202713,339,565.6666666666666
Credit_Spreads_monthly_chg_volatility_6m,114738.1015625,334,0.0,918,0.09637164358232701,445,565.6666666666666
Oil_Prices_zscore_12m_min_18m_change,0.0,810,0.0,796,0.19770015822633005,93,566.3333333333334
SP500_circuit_breaker_lag2,0.0,780,0.029176926529998592,297,0.07397941949018981,623,566.6666666666666
VIX_max_5d_spike_lag18,9111617.796875,60,0.0,903,0.06328249199943271,738,567.0
SP500_zscore_12m_min_18m_change,0.0,597,0.008296439542089029,565,0.08275056717492113,540,567.3333333333334
SP500_zscore_3m_max_lag12,0.0,631,0.014884168786419849,463,0.07487662756306251,610,568.0
SP500_consecutive_down_days_18m_change,0.0,701,0.0,763,0.13382143896565338,241,568.3333333333334
VIX_zscore_12m_max_lag1,61606.69921875,417,0.0,802,0.09080457086089433,489,569.3333333333334
VIX_zscore_3m_mean_lag6,110500.0,341,0.0,758,0.07477237396216468,611,570.0
SP500_worst_day_lag3,96017.900390625,358,0.0,777,0.07958602088956683,577,570.6666666666666
Financial_Stress_monthly_avg_yoy_change,61096.8984375,418,0.0,800,0.09007438737992376,495,571.0
SP500_zscore_12m_min_rolling_mean_3,0.0,598,0.0003501222348925026,715,0.10335498657682665,400,571.0
SP500_zscore_3m_min_rolling_mean_3,0.0,737,0.01905245410738532,407,0.08010148330129596,573,572.3333333333334
VIX_zscore_3m_min_lag3,444952.2001953125,190,0.0,740,0.05838944530188734,788,572.6666666666666
VIX_zscore_3m_min_lag6,223647.099609375,252,0.0,892,0.07998405206868363,574,572.6666666666666
UMich_Expectations_18m_change,0.0,848,0.06874313255718434,154,0.06494769314601369,718,573.3333333333334
SP500_worst_day_yoy_change,0.0,698,0.011799694163333818,513,0.08650621576435225,511,574.0
Credit_Spreads_max_rolling_mean_24,0.0,578,0.036366469749764097,248,0.051651347868806596,897,574.3333333333334
VIX_high_regime_2yr_change,0.0,741,0.005873746228252541,606,0.10643310214318073,376,574.3333333333334
Weekly_Econ_Index_monthly_avg_rolling_mean_3,0.0,691,0.030919435889164237,282,0.06151620819671411,758,577.0
SP500_worst_day_lag6,0.0,553,0.02451368345980809,348,0.056328541921470576,831,577.3333333333334
emp_sa_government_federal_postal_nsa_volatility,0.0,823,0.08088143382701007,141,0.06015616708613455,768,577.3333333333334
VIX_30d_spike_6m_change,0.0,558,0.022259164255794772,369,0.057476662172309616,805,577.3333333333334
SP500_crash_month_volatility_12m,0.0,669,0.015075962120927322,460,0.0757834029958152,604,577.6666666666666
VIX_zscore_3m_max_lag12,54340.8984375,429,0.005744170079591271,610,0.06694347644190138,695,578.0
Oil_Prices_30d_crash_2yr_change,0.0,541,0.0,916,0.12330226961251906,278,578.3333333333334
SP500_max_drawdown_lag12,0.0,635,0.005396686579550725,619,0.09174304969060045,481,578.3333333333334
AWH_All_Private_rolling_mean_24,49801.30078125,434,0.007748321631510624,574,0.06403161518695166,729,579.0
CCSA_weeks_high_rolling_mean_12,1200071.6015625,123,0.0,805,0.05737249315660561,809,579.0
VIX_volatility_mom_change,0.0,789,0.011229334289846626,522,0.09881987026774754,429,580.0
VIX_max_5d_spike_mom_change,55151.30078125,427,0.0020439533268552523,683,0.07232031466623892,634,581.3333333333334
SP500_zscore_3m_max_latest,0.0,713,0.025979121349248402,329,0.06640372565848432,703,581.6666666666666
Oil_Prices_zscore_3m_max_lag3,138598.40234375,305,0.0,795,0.07130865492892988,646,582.0
SP500_bear_market_lag3,0.0,836,0.03293582810721363,267,0.07139450868615152,644,582.3333333333334
AWH_All_Private_lag2,0.0,888,0.016250469606005957,441,0.100128197366394,418,582.3333333333334
VIX_max_5d_spike_lag2,1110994.0883789062,125,0.0,869,0.061913163448159884,753,582.3333333333334
Credit_Spreads_zscore_3m_max_rolling_mean_3,8612587.1015625,65,0.0,901,0.05889781812885676,782,582.6666666666666
Yield_Curve_vol_of_changes_rolling_mean_12,45233.69921875,442,0.002018669558681907,684,0.0739121045231867,625,583.6666666666666
SP500_30d_return_lag18,0.0,662,0.012712983907053665,502,0.07805643065755227,588,584.0
VIX_30d_spike_yoy_change,119785.0,327,0.008164074647893038,568,0.05422863302288751,860,585.0
VIX_zscore_3m_min_rolling_mean_12,2257227.19921875,102,0.0,874,0.05895359304931615,781,585.6666666666666
SP500_zscore_3m_max_mom_change,0.0,556,0.012299028967772685,509,0.06739839903376825,694,586.3333333333334
UMich_Expectations_mom_change,21400262.497070312,30,0.0,864,0.054030355046330546,865,586.3333333333334
VIX_high_regime_latest,0.0,664,0.0034032473665750462,657,0.09668651680265823,441,587.3333333333334
ISM_Manufacturing_Index_trend_12m,0.0,792,0.02418934137735551,351,0.07406437982894491,621,588.0
Yield_Curve_zscore_3m_min_2yr_change,121511.3447265625,323,0.011113484379221106,524,0.050124306715477844,918,588.3333333333334
NOAA_Human_Impact_Index_6m_change,82639.298828125,378,0.012414842981072205,507,0.05272461459732769,882,589.0
VIX_high_regime_yoy_change,0.0,907,0.015431346158469417,456,0.10220895476343252,406,589.6666666666666
CB_Consumer_Confidence_latest,213426.203125,261,0.0,871,0.0716714273179352,639,590.3333333333334
Yield_Curve_zscore_3m_max_volatility_6m,76120.400390625,387,0.0,866,0.08561593392639158,518,590.3333333333334
SP500_max_drawdown_lag6,0.0,574,0.021851046926656625,373,0.056511042834376024,826,591.0
SP500_volatility_6m_change,0.0,727,0.006199287813378529,595,0.09537218541808137,453,591.6666666666666
SP500_zscore_12m_min_yoy_change,0.0,894,0.008494306532755846,558,0.11467444959120596,325,592.3333333333334
SP500_zscore_12m_min_volatility_6m,0.0,831,0.006820600381480801,585,0.1086308950768816,361,592.3333333333334
Oil_Prices_volatility_volatility_6m,119923.197265625,326,0.0,902,0.08179206829632216,550,592.6666666666666
SP500_zscore_12m_min_latest,0.0,579,0.007459122430127252,579,0.07402820020639217,622,593.3333333333334
ISM_NonManufacturing_Index_rolling_mean_3,121036.0,324,0.0,821,0.07182675081641308,636,593.6666666666666
SP500_consecutive_down_days_lag18,0.0,843,0.017986357251412066,419,0.08554681389154298,520,594.0
emp_sa_government_federal_postal_nsa_mom_pct,0.0,735,0.08784542125451056,133,0.05047155615474688,914,594.0
SP500_zscore_3m_mean_lag1,0.0,817,0.006047390631520155,600,0.10788628366398709,366,594.3333333333334
Yield_Curve_zscore_12m_min_mom_change,694407.1015625,149,0.0,811,0.05663819549914672,824,594.6666666666666
Financial_Stress_monthly_avg_latest,0.0,655,0.0,716,0.10081501001235098,413,594.6666666666666
SP500_best_day_lag2,0.0,781,0.015497658571470563,452,0.08176109347240712,551,594.6666666666666
ADP_actual_lag18,0.0,555,0.02365115013098773,359,0.05296610413375917,876,596.6666666666666
SP500_zscore_12m_min_2yr_change,0.0,719,0.0026763704926713316,670,0.10252954960444079,402,597.0
JOLTS_Quits_trend_12m,54637.8984375,428,0.004442807732948584,638,0.06417193090091486,728,598.0
Empire_State_Mfg_rolling_mean_3,0.0,584,0.001037422536088517,704,0.08747173116732108,507,598.3333333333334
Credit_Spreads_acceleration_lag1,0.0,912,0.031565891256516654,277,0.07559806066929246,607,598.6666666666666
Oil_Prices_zscore_12m_min_lag2,135197.90234375,308,0.004814547773517752,628,0.05406433334286512,863,599.6666666666666
SP500_monthly_return_rolling_mean_12,0.0,596,0.027065542869143755,316,0.052337912053819026,888,600.0
Yield_Curve_vol_of_changes_volatility_12m,31161.80078125,475,0.0,827,0.08801730639562329,501,601.0
VIX_panic_regime_rolling_mean_24,0.0,891,0.04373670145733266,209,0.06619536006527298,704,601.3333333333334
VIX_zscore_12m_max_rolling_mean_3,65775.6015625,409,0.0,772,0.07397801700512184,624,601.6666666666666
VIX_zscore_3m_mean_volatility_12m,83739.099609375,376,0.003751138544064503,653,0.05952037159785502,776,601.6666666666666
VIX_max_5d_spike_rolling_mean_3,8979474.0,62,0.0,870,0.05310959934102397,874,602.0
VIX_zscore_12m_mean_lag12,0.0,833,0.03193093192375862,274,0.06654755724934257,700,602.3333333333334
VIX_zscore_12m_min_rolling_mean_24,28311.099609375,480,0.017531378026411915,429,0.05108443774442437,905,604.6666666666666
VIX_volatility_rolling_mean_6,75452.8984375,388,0.0,719,0.0652382401912857,716,607.6666666666666
Oil_Prices_zscore_3m_mean_2yr_change,293219.0,231,0.0,853,0.06297120902487219,740,608.0
SP500_zscore_12m_min_rolling_mean_24,0.0,564,0.014130134369741754,482,0.05878600519808229,784,610.0
CCSA_weeks_high_volatility_6m,0.0,746,0.021976675712696014,372,0.06550681954337151,713,610.3333333333334
Credit_Spreads_accel_volatility_volatility_12m,0.0,871,0.0037979997638633023,652,0.11731175694520704,308,610.3333333333334
SP500_zscore_12m_min_lag12,0.0,693,0.005529401857922611,616,0.08512547674631404,522,610.3333333333334
emp_sa_private_services_information_other_nsa_yoy,163028.3984375,290,0.004399334339865835,640,0.05116225641678411,902,610.6666666666666
ADP_forecast_lag6,0.0,627,0.028903287271618616,300,0.0510206796312531,906,611.0
AWH_Manufacturing_lag6,294003.400390625,230,0.00161513788729728,694,0.0506754301114636,911,611.6666666666666
SP500_zscore_3m_min_lag1,0.0,576,0.0,718,0.08268623349615431,542,612.0
Oil_Prices_mean_lag6,0.0,774,0.030796293574459455,283,0.058591770836952474,785,614.0
VIX_panic_regime_trend_12m,0.0,678,0.0,782,0.1049740703744255,387,615.6666666666666
Empire_State_Mfg_trend_12m,888115.0,134,0.0,905,0.05740260662496835,808,615.6666666666666
Yield_Curve_acceleration_rolling_mean_6,352685.3984375,214,0.0,854,0.05885699580446887,783,617.0
Credit_Spreads_monthly_chg_18m_change,162725.5,291,0.0020841005987004557,682,0.05280056599177773,878,617.0
VIX_zscore_12m_max_lag6,111121.5,340,0.0,881,0.07209961286599151,635,618.6666666666666
SP500_max_drawdown_rolling_mean_3,0.0,639,0.0,917,0.11788622391652284,300,618.6666666666666
Yield_Curve_zscore_12m_max_lag1,7390.7998046875,527,0.0,833,0.08794560352857346,503,621.0
VIX_mean_18m_change,13800.7998046875,516,0.0,879,0.09314696735516714,471,622.0
Oil_Prices_zscore_3m_min_rolling_mean_12,152570.0,296,0.0,897,0.06898204864336639,675,622.6666666666666
emp_sa_private_services_other_nsa_latest,0.0,905,0.26962763871709194,49,0.05039692362326409,915,623.0
SP500_zscore_12m_max_yoy_change,0.0,580,0.003363105446365644,661,0.07243766350127309,633,624.6666666666666
VIX_zscore_3m_mean_trend_12m,332478.19921875,218,0.0,755,0.051198915909210926,901,624.6666666666666
SP500_best_day_lag6,0.0,545,0.008998079070508869,551,0.059205996241790924,778,624.6666666666666
Oil_Prices_zscore_12m_min_trend_12m,0.0,577,0.0,736,0.08078348392254067,562,625.0
VIX_high_regime_volatility_6m,0.0,692,0.0,771,0.10145696480630152,412,625.0
Oil_Prices_30d_crash_lag12,90464.796875,366,0.0,882,0.07344390997160354,628,625.3333333333334
SP500_zscore_3m_max_lag24,0.0,736,0.002737323031042127,668,0.09241084479351014,475,626.3333333333334
SP500_worst_day_rolling_mean_12,0.0,583,0.01586420571270919,446,0.05502793587647576,851,626.6666666666666
SP500_consecutive_down_days_latest,0.0,863,0.012694282363441722,503,0.0850097655869331,523,629.6666666666666
VIX_mean_volatility_6m,0.0,762,0.0,906,0.13819399095634238,221,629.6666666666666
SP500_zscore_12m_min_6m_change,0.0,849,0.0077743436060235815,573,0.09280249407841247,472,631.3333333333334
SP500_zscore_12m_max_lag18,0.0,650,0.0,856,0.10379898663482551,397,634.3333333333334
SP500_volatility_lag12,0.0,779,0.009515389485587278,543,0.07867102205205197,582,634.6666666666666
SP500_max_5d_drop_rolling_mean_6,0.0,657,0.017616824869867376,427,0.0567364726694611,821,635.0
VIX_max_5d_spike_volatility_6m,202720.400390625,267,0.0,756,0.05259943475905203,883,635.3333333333334
Credit_Spreads_vol_of_changes_lag18,0.0,613,0.011492743006642936,519,0.059573111094627644,775,635.6666666666666
SP500_max_drawdown_2yr_change,0.0,885,0.0031499687274467725,663,0.10895218211668957,359,635.6666666666666
Oil_Prices_zscore_12m_min_mom_change,0.0,554,0.0019936892048262322,685,0.0694805083224287,668,635.6666666666666
Credit_Spreads_zscore_3m_min_lag1,0.0,720,0.0,770,0.09997300206631231,419,636.3333333333334
Credit_Spreads_zscore_3m_max_rolling_mean_6,0.0,660,0.017904222308517515,422,0.0564660654144265,829,637.0
Credit_Spreads_max_rolling_mean_12,100142.0,353,0.0,786,0.05969357087352269,773,637.3333333333334
JOLTS_Quits_18m_change,27494.099609375,482,0.0,761,0.0693249674196845,671,638.0
SP500_zscore_3m_max_lag6,0.0,783,0.006519207474222188,591,0.08257593564370383,543,639.0
Credit_Spreads_zscore_max_latest,66147.703125,407,0.0,769,0.06280002962184374,742,639.3333333333334
JOLTS_Layoffs_rolling_mean_24,0.0,607,0.016123109946986514,443,0.05350021854040097,872,640.6666666666666
VIX_zscore_3m_min_lag12,0.0,694,0.0018049808789237787,692,0.08310420536571721,538,641.3333333333334
emp_sa_private_services_information_broadcasting_nsa_latest,616028.0,165,0.0,888,0.053506862482937415,871,641.3333333333334
SP500_zscore_12m_max_mom_change,0.0,830,0.004358858137064825,643,0.09570366125376134,451,641.3333333333334
VIX_volatility_yoy_change,111960.0,339,0.0,817,0.05994445297469919,771,642.3333333333334
Credit_Spreads_zscore_max_volatility_6m,0.0,550,0.0,739,0.0717222431095872,638,642.3333333333334
SP500_days_circuit_breaker_volatility_12m,0.0,824,0.00283152784344054,666,0.09667530946137504,443,644.3333333333334
Credit_Spreads_zscore_max_6m_change,0.0,733,0.009379163510749411,546,0.07065286597952432,656,645.0
AWH_Manufacturing_volatility_12m,74239.9990234375,391,0.0,893,0.07070028873986339,654,646.0
Oil_Prices_30d_crash_yoy_change,0.0,855,0.0,852,0.1352870979250354,232,646.3333333333334
ADP_forecast_lag18,0.0,717,0.024149333983159327,353,0.05363788531879091,869,646.3333333333334
SP500_worst_day_rolling_mean_6,0.0,652,0.005929762850786613,605,0.06819434828085008,683,646.6666666666666
SP500_zscore_3m_mean_volatility_6m,0.0,804,0.002155239865774927,680,0.09487357582377097,457,647.0
SP500_crash_month_18m_change,0.0,858,0.0018319964149609014,691,0.1036393584743652,399,649.3333333333334
Oil_Prices_30d_crash_6m_change,32211.599609375,473,0.0,824,0.07075378850444046,652,649.6666666666666
SP500_days_circuit_breaker_lag12,0.0,721,0.025358515016307592,332,0.051586835405095455,899,650.6666666666666
SP500_circuit_breaker_volatility_6m,0.0,700,0.021125462876706358,378,0.052784770455734854,879,652.3333333333334
SP500_30d_return_lag12,0.0,718,0.001094631298029558,703,0.08315999484097722,537,652.6666666666666
Oil_Prices_zscore_12m_max_lag3,42529.6015625,446,0.0,873,0.07160633652221539,640,653.0
Credit_Spreads_monthly_chg_rolling_mean_24,23066.69921875,492,0.0,813,0.0706429835894117,657,654.0
SP500_worst_day_volatility_12m,0.0,753,0.0,883,0.11355672606525016,329,655.0
VIX_high_regime_lag3,0.0,784,0.011862723483089477,512,0.06933920581516802,670,655.3333333333334
Credit_Spreads_monthly_chg_volatility_12m,0.0,618,0.0,759,0.077477705097172,592,656.3333333333334
Oil_Prices_zscore_3m_max_yoy_change,13419.099609375,518,0.0,867,0.07811501032678665,587,657.3333333333334
AWH_All_Private_yoy_change,0.0,867,0.0,835,0.12405964267840659,274,658.6666666666666
VIX_high_regime_rolling_mean_6,0.0,782,0.0,859,0.11114196240307188,342,661.0
VIX_zscore_3m_mean_volatility_6m,12816.0,520,0.0008997047602843367,708,0.061656008805399495,756,661.3333333333334
ADP_actual_lag12,0.0,829,0.037045544510975414,243,0.050386502317006636,916,662.6666666666666
Yield_Curve_monthly_chg_lag18,123089.099609375,320,0.0,803,0.05377028280499382,867,663.3333333333334
Challenger_Job_Cuts_rolling_mean_3,33063.0,470,0.0,878,0.07152772106999533,643,663.6666666666666
VIX_30d_spike_volatility_6m,0.0,749,0.0,880,0.10816583398288586,364,664.3333333333334
SP500_max_5d_drop_trend_12m,0.0,689,0.007277571858603338,582,0.06383269908061479,731,667.3333333333334
VIX_high_regime_lag24,0.0,728,0.014082911086380712,483,0.057727459400517545,799,670.0
Financial_Stress_monthly_avg_rolling_mean_12,0.0,544,0.0,913,0.08093801569592385,557,671.3333333333334
SP500_max_5d_drop_lag3,0.0,842,0.004328907828916151,645,0.08420871458980352,531,672.6666666666666
Financial_Stress_monthly_avg_2yr_change,0.0,563,0.0,904,0.08163705518286078,554,673.6666666666666
Yield_Curve_zscore_12m_mean_lag3,101344.1982421875,352,0.0,807,0.05412037225689252,862,673.6666666666666
Oil_Prices_zscore_3m_min_lag12,93938.9033203125,360,0.0,850,0.056912005207308256,819,676.3333333333334
SP500_zscore_12m_mean_6m_change,0.0,609,0.0010370322308728142,705,0.06453516655158033,724,679.3333333333334
Credit_Spreads_zscore_3m_max_lag2,0.0,771,0.0,912,0.10968230124579668,355,679.3333333333334
Yield_Curve_zscore_12m_min_2yr_change,0.0,725,0.014266832276152108,481,0.05611469904511522,833,679.6666666666666
SP500_zscore_3m_max_volatility_6m,0.0,768,0.006265780961552281,594,0.06856871215093462,677,679.6666666666666
Oil_Prices_mean_18m_change,88547.703125,370,0.0,848,0.05662493616992197,825,681.0
Oil_Prices_went_negative_lag1,0.0,716,0.001864801864800647,689,0.07153789663450065,641,682.0
ISM_NonManufacturing_Index_trend_12m,0.0,624,0.0,887,0.08350338349857923,536,682.3333333333334
SP500_monthly_return_lag24,0.0,832,0.0018666584742557113,688,0.08445295873972193,528,682.6666666666666
SP500_max_5d_drop_lag6,0.0,606,0.0,727,0.06537818695331622,715,682.6666666666666
JOLTS_Quits_2yr_change,0.0,686,0.003421526144013143,656,0.06603672731143483,708,683.3333333333334
SP500_zscore_12m_max_rolling_mean_6,0.0,708,0.016148865908977683,442,0.05124363061365526,900,683.3333333333334
Credit_Spreads_max_2yr_change,0.0,879,0.0,840,0.11284327016027808,331,683.3333333333334
VIX_max_5d_spike_lag6,117775.8984375,331,0.0,861,0.05442533168356007,858,683.3333333333334
Credit_Spreads_monthly_chg_rolling_mean_6,0.0,853,0.020135279808509043,395,0.05750284844615294,804,684.0
VIX_zscore_12m_mean_lag18,20918.19921875,499,0.0,785,0.06013607626803652,769,684.3333333333334
emp_sa_private_services_information_telecommunications_nsa_volatility,0.0,557,0.0,774,0.0642348744514406,727,686.0
SP500_volatility_lag2,0.0,834,0.01468656778168631,468,0.06132608677618887,760,687.3333333333334
VIX_zscore_12m_min_lag12,57220.19921875,424,0.0,823,0.05692177915112164,818,688.3333333333334
VIX_zscore_12m_max_rolling_mean_6,37177.6015625,458,0.0,753,0.05454053251498088,856,689.0
emp_sa_private_services_information_telecommunications_nsa_6m_chg,0.0,744,0.012343942570833821,508,0.05701375293005582,817,689.6666666666666
Oil_Prices_30d_crash_18m_change,0.0,682,0.0,898,0.09072728870195929,490,690.0
Oil_Prices_zscore_3m_max_6m_change,0.0,715,0.005834989591305018,607,0.06208924822410675,751,691.0
Oil_Prices_zscore_min_18m_change,0.0,765,0.0,910,0.10291558985486153,401,692.0
ADP_actual_lag24,0.0,869,0.01899195380280183,408,0.0576147883826344,801,692.6666666666666
Credit_Spreads_zscore_max_18m_change,0.0,707,0.0,798,0.07731260783615172,594,699.6666666666666
VIX_zscore_3m_mean_rolling_mean_6,0.0,743,0.015843508433230014,447,0.05065039455980244,912,700.6666666666666
Credit_Spreads_zscore_12m_max_rolling_mean_6,0.0,887,0.020124136122883662,396,0.056687242441557414,822,701.6666666666666
SP500_zscore_12m_max_latest,0.0,724,0.0075101487541502365,578,0.05753998350508606,803,701.6666666666666
ISM_NonManufacturing_Index_volatility_6m,0.0,883,0.004426415901905845,639,0.07797508672496821,590,704.0
SP500_worst_day_6m_change,0.0,616,0.0,750,0.06216630171976714,750,705.3333333333334
SP500_zscore_3m_min_volatility_6m,0.0,628,0.0,778,0.06568407940077006,712,706.0
emp_sa_government_state_excluding_education_nsa_yoy,23963.69921875,490,0.0,816,0.05709658670883535,814,706.6666666666666
SP500_best_day_lag12,0.0,571,0.0,723,0.056475241503888746,828,707.3333333333334
SP500_volatility_volatility_12m,0.0,575,0.0,790,0.06035525971525025,766,710.3333333333334
Oil_Prices_zscore_3m_max_2yr_change,0.0,551,0.0,738,0.05538898616089952,846,711.6666666666666
SP500_max_5d_drop_yoy_change,0.0,868,0.014379610106495466,476,0.057972347983518156,795,713.0
Oil_Prices_volatility_rolling_mean_24,0.0,805,0.0,737,0.07609361587342074,600,714.0
SP500_crash_month_rolling_mean_24,0.0,665,0.0,894,0.07866226594044075,583,714.0
VIX_high_regime_rolling_mean_12,0.0,757,0.0,735,0.07077105549304744,651,714.3333333333334
Credit_Spreads_zscore_3m_mean_rolling_mean_24,0.0,622,0.0,747,0.05912725762206918,779,716.0
Yield_Curve_zscore_3m_min_mom_change,0.0,547,0.0,743,0.05438098998196004,859,716.3333333333334
Challenger_Job_Cuts_volatility_6m,0.0,611,0.0,876,0.07003431627556263,665,717.3333333333334
SP500_zscore_3m_max_lag2,0.0,910,0.004519865826422276,634,0.07469508128178125,612,718.6666666666666
VIX_zscore_12m_min_18m_change,0.0,802,0.002705985846652048,669,0.06806615573986714,687,719.3333333333334
Oil_Prices_zscore_12m_mean_volatility_12m,85019.5,375,0.0,884,0.05069392785810479,910,723.0
Oil_Prices_mean_yoy_change,50765.0,433,0.0,819,0.050282828807358806,917,723.0
VIX_high_regime_volatility_12m,0.0,821,0.003293956034834622,662,0.06766855844836485,691,724.6666666666666
SP500_zscore_12m_max_2yr_change,0.0,898,0.004622929423953259,633,0.07133714966711988,645,725.3333333333334
SP500_zscore_3m_max_rolling_mean_3,0.0,845,0.007570402366883222,575,0.06130948490962061,761,727.0
Oil_Prices_mean_lag12,0.0,565,0.0,724,0.05203195948913777,894,727.6666666666666
VIX_mean_2yr_change,40835.30078125,450,0.0,889,0.055067889943407215,850,729.6666666666666
Credit_Spreads_zscore_max_yoy_change,0.0,764,0.009837863793114465,539,0.052314447931342656,889,730.6666666666666
SP500_volatility_18m_change,0.0,899,0.0,844,0.09592095240707171,450,731.0
UMich_Expectations_yoy_change,0.0,777,0.010314365504196843,533,0.05253532560322235,884,731.3333333333334
SP500_zscore_3m_mean_mom_change,0.0,862,0.0,834,0.0875706326296407,506,734.0
Credit_Spreads_vol_of_changes_rolling_mean_24,15676.2001953125,512,0.0,843,0.05516095252477669,849,734.6666666666666
Credit_Spreads_max_lag1,0.0,859,0.0,828,0.08513549405507893,521,736.0
SP500_best_day_lag18,0.0,775,0.003931940539708911,649,0.058420035558886724,787,737.0
AWH_All_Private_lag1,0.0,881,0.0010979181281980388,702,0.07274456468933724,631,738.0
VIX_zscore_12m_mean_6m_change,0.0,770,0.001967572296679876,687,0.06113645868890381,763,740.0
SP500_circuit_breaker_6m_change,0.0,699,0.002248859803983816,679,0.055400260257213965,845,741.0
Credit_Spreads_zscore_3m_max_18m_change,36145.8984375,460,0.0,872,0.052071476299992224,891,741.0
Oil_Prices_volatility_rolling_mean_12,0.0,850,0.0,820,0.08053258139475576,566,745.3333333333334
SP500_monthly_return_rolling_mean_6,0.0,714,0.0019920552954646453,686,0.05534577175904617,847,749.0
SP500_zscore_12m_min_volatility_12m,0.0,752,0.0033940368844267432,659,0.05567868952593105,841,750.6666666666666
SP500_zscore_12m_mean_lag18,0.0,702,0.0,762,0.05835559221994212,789,751.0
Oil_Prices_zscore_3m_max_rolling_mean_6,0.0,839,0.0,749,0.06983721849947301,666,751.3333333333334
SP500_zscore_3m_mean_6m_change,0.0,815,0.004882374514842969,624,0.05708829616237992,816,751.6666666666666
emp_sa_private_services_trade_transportation_utilities_utilities_nsa_yoy,35312.5,466,0.0,909,0.0524731696625252,885,753.3333333333334
SP500_monthly_return_rolling_mean_24,0.0,841,0.0,721,0.06608083106915348,706,756.0
Financial_Stress_monthly_avg_lag2,0.0,880,0.014296292586205794,478,0.05006732955360344,920,759.3333333333334
UMich_Expectations_2yr_change,0.0,914,0.0025747578481896127,671,0.06645521336963414,702,762.3333333333334
SP500_volatility_lag24,0.0,917,0.0,789,0.07800814662295096,589,765.0
Credit_Spreads_zscore_max_lag1,0.0,906,0.0,826,0.08047469912521729,567,766.3333333333334
emp_sa_private_services_information_data_processing_nsa_volatility,0.0,908,0.006849647706359541,584,0.055952818279665355,837,776.3333333333334
CCSA_weeks_high_rolling_mean_6,0.0,772,0.0015594140594581418,695,0.05385072046121583,866,777.6666666666666
Oil_Prices_mean_lag3,0.0,884,0.0,842,0.07497542015581232,609,778.3333333333334
Credit_Spreads_zscore_12m_max_rolling_mean_24,0.0,756,0.0,885,0.06689238533247119,696,779.0
SP500_circuit_breaker_2yr_change,0.0,695,0.0,818,0.0561141493929696,834,782.3333333333334
Credit_Spreads_zscore_max_2yr_change,0.0,742,0.0,877,0.06304690853112256,739,786.0
SP500_consecutive_down_days_rolling_mean_3,0.0,874,0.0,838,0.07058843908708065,658,790.0
Empire_State_Mfg_rolling_mean_12,0.0,776,0.0,717,0.05276085980090464,881,791.3333333333334
Credit_Spreads_zscore_3m_max_rolling_mean_24,0.0,703,0.0,793,0.0518906697448264,895,797.0
Credit_Spreads_zscore_3m_max_lag24,0.0,819,0.0025311796993028324,672,0.05109836040102752,904,798.3333333333334
SP500_circuit_breaker_18m_change,0.0,911,0.0,832,0.06945472405354454,669,804.0
Oil_Prices_mean_rolling_mean_24,0.0,875,0.0,839,0.06569772314964109,711,808.3333333333334
VIX_high_regime_lag6,0.0,791,0.0,849,0.0580781389266535,793,811.0
SP500_max_drawdown_mom_change,0.0,769,0.0,911,0.06139495467827767,759,813.0
SP500_best_day_rolling_mean_6,0.0,915,0.0,825,0.06571635450532992,710,816.6666666666666
Challenger_Job_Cuts_rolling_mean_12,0.0,696,0.0,851,0.050944566155657796,907,818.0
SP500_worst_day_latest,0.0,865,0.0014992874295867153,696,0.05188633235527028,896,819.0
Credit_Spreads_zscore_12m_max_volatility_6m,0.0,778,0.0,857,0.05568436394650344,840,825.0
CB_Consumer_Confidence_lag3,0.0,806,0.0,799,0.05239855491237373,887,830.6666666666666
Credit_Spreads_zscore_3m_min_rolling_mean_6,0.0,873,0.0,836,0.058427374116361896,786,831.6666666666666
Credit_Spreads_max_rolling_mean_6,0.0,886,0.0,766,0.053702546058607754,868,840.0
Yield_Curve_avg_yoy_change,0.0,913,0.0,829,0.05802138886730531,794,845.3333333333334
Oil_Prices_zscore_12m_min_rolling_mean_6,0.0,835,0.0,895,0.05709369019067669,815,848.3333333333334
SP500_max_drawdown_trend_12m,0.0,895,0.0,846,0.051134930393817675,903,881.3333333333334
